Workbook

Sheet Summarize
B2: Results for C_k = \bar{C}_k | S2: Compared with BBR | AE2: Compared with BBR, B&B | AO2: Impact of Cuts
B3: Struct. | C3: OS | D3: TD | E3: Configuration K=2 | I3: Configuration K=3 | M3: Configuration K=4 | S3: Struct. | T3: OS | U3: TD | V3: opt BPC | W3: opt BBR | X3: gap BPC | Y3: gap BBR | Z3: time BPC | AA3: time BBR | AE3: ='Classical benchmark'!G3 -> Instances | AF3: ='Classical benchmark'!H3 -> n | AG3: ='Classical benchmark'!J3 -> #I | AH3: ='Classical benchmark'!K3 -> time BPC | AI3: opt BPC | AJ3: ='Classical benchmark'!L3 -> time BBR | AK3: opt BBR | AL3: ='Classical benchmark'!M3 -> time B&B | AM3: ='Classical benchmark'!N3 -> opt B&B | AP3: BPC | AQ3: no CP | AR3: no config | AS3: BP
E4: opt | F4: gap(\%) | G4: total time | I4: opt | J4: gap(\%) | K4: total time | M4: opt | N4: gap(\%) | O4: total time | S4: BN | T4: 0.2 | U4: BM | V4: ='Otto benchmark'!X3 -> 25 | W4: ='Otto benchmark'!Y3 -> 25 | X4: ='Otto benchmark'!Z3 -> 0 | Y4: ='Otto benchmark'!AA3 -> 0 | Z4: ='Otto benchmark'!AB3 -> 0.59472 | AA4: ='Otto benchmark'!AC3 -> 7.92 | AE4: ='Classical benchmark'!G4 -> Arcus1 | AF4: ='Classical benchmark'!H4 -> 83 | AG4: ='Classical benchmark'!J4 -> 16 | AH4: ='Classical benchmark'!K4 -> 0.0289375 | AI4: 16 | AJ4: ='Classical benchmark'!L4 -> 0.22 | AK4: 16 | AL4: ='Classical benchmark'!M4 -> 5.69 | AM4: ='Classical benchmark'!N4 -> 16 | AO4: time | AP4: ='cutting planes'!AI3 -> 2500.5502 | AQ4: ='cutting planes'!AI4 -> 2714.8443 | AR4: ='cutting planes'!AI5 -> 2573.5978 | AS4: ='cutting planes'!AI6 -> 2871.5063
B5: BN | C5: 0.2 | D5: BM | E5: ='C_k = bar{C}_k'!X2 -> 25 | F5: ='C_k = bar{C}_k'!Y2 -> 0 | G5: ='C_k = bar{C}_k'!$Z$2 -> 0.65036 | I5: ='C_k = bar{C}_k'!X3 -> 25 | J5: ='C_k = bar{C}_k'!Y3 -> 0 | K5: ='C_k = bar{C}_k'!$Z$3 -> 0.66044 | M5: ='C_k = bar{C}_k'!X4 -> 25 | N5: ='C_k = bar{C}_k'!Y4 -> 0 | O5: ='C_k = bar{C}_k'!$Z$4 -> 0.7016 | U5: PB | V5: ='Otto benchmark'!X4 -> 25 | W5: ='Otto benchmark'!Y4 -> 25 | X5: ='Otto benchmark'!Z4 -> 0 | Y5: ='Otto benchmark'!AA4 -> 0 | Z5: ='Otto benchmark'!AB4 -> 0.35476 | AA5: ='Otto benchmark'!AC4 -> 7.54 | AE5: ='Classical benchmark'!G5 -> Arcus2 | AF5: ='Classical benchmark'!H5 -> 111 | AG5: ='Classical benchmark'!J5 -> 17 | AH5: ='Classical benchmark'!K5 -> 0.43141176 | AI5: 17 | AJ5: ='Classical benchmark'!L5 -> 7.14 | AK5: 17 | AL5: ='Classical benchmark'!M5 -> 211.49 | AM5: ='Classical benchmark'!N5 -> 17 | AO5: opt | AP5: =CONCATENATE(TEXT('cutting planes'!AG3, "0"),"/",TEXT('cutting planes'!AJ3, "0")) -> 28/76 | AQ5: =CONCATENATE(TEXT('cutting planes'!AG4, "0"),"/",TEXT('cutting planes'!AJ3, "0")) -> 21/76 | AR5: =CONCATENATE(TEXT('cutting planes'!AG5, "0"),"/",TEXT('cutting planes'!AJ3, "0")) -> 25/76 | AS5: =CONCATENATE(TEXT('cutting planes'!AG6, "0"),"/",TEXT('cutting planes'!AJ3, "0")) -> 17/76
D6: PB | E6: ='C_k = bar{C}_k'!X5 -> 25 | F6: ='C_k = bar{C}_k'!Y5 -> 0 | G6: ='C_k = bar{C}_k'!$Z$5 -> 0.59804 | I6: ='C_k = bar{C}_k'!X6 -> 25 | J6: ='C_k = bar{C}_k'!Y6 -> 0 | K6: ='C_k = bar{C}_k'!$Z$6 -> 0.66828 | M6: ='C_k = bar{C}_k'!X7 -> 24 | N6: ='C_k = bar{C}_k'!Y7 -> 0.28571429 | O6: ='C_k = bar{C}_k'!$Z$7 -> 181.76604 | U6: PM | V6: ='Otto benchmark'!X5 -> 23 | W6: ='Otto benchmark'!Y5 -> 16 | X6: ='Otto benchmark'!Z5 -> 0.15686275 | Y6: ='Otto benchmark'!AA5 -> 0.74 | Z6: ='Otto benchmark'!AB5 -> 293.12908 | AA6: ='Otto benchmark'!AC5 -> 2768.85 | AE6: ='Classical benchmark'!G6 -> Barthold | AF6: ='Classical benchmark'!H6 -> 148 | AG6: ='Classical benchmark'!J6 -> 8 | AH6: ='Classical benchmark'!K6 -> 0.526125 | AI6: 8 | AJ6: ='Classical benchmark'!L6 -> 90.66 | AK6: 8 | AL6: ='Classical benchmark'!M6 -> 4.41 | AM6: ='Classical benchmark'!N6 -> 8 | AO6: gap | AP6: ='cutting planes'!AH3 -> 1.6045444 | AQ6: ='cutting planes'!AH4 -> 1.7354743 | AR6: ='cutting planes'!AH5 -> 1.6160655 | AS6: ='cutting planes'!AH6 -> 1.8939168
D7: PM | E7: ='C_k = bar{C}_k'!X8 -> 22 | F7: ='C_k = bar{C}_k'!Y8 -> 0.23378582 | G7: ='C_k = bar{C}_k'!$Z$8 -> 454.1422 | I7: ='C_k = bar{C}_k'!X9 -> 23 | J7: ='C_k = bar{C}_k'!Y9 -> 0.15535445 | K7: ='C_k = bar{C}_k'!$Z$9 -> 365.99952 | M7: ='C_k = bar{C}_k'!X10 -> 24 | N7: ='C_k = bar{C}_k'!Y10 -> 0.078431373 | O7: ='C_k = bar{C}_k'!$Z$10 -> 212.07732 | T7: 0.6 | U7: BM | V7: ='Otto benchmark'!X6 -> 24 | W7: ='Otto benchmark'!Y6 -> 25 | X7: ='Otto benchmark'!Z6 -> 0.18181818 | Y7: ='Otto benchmark'!AA6 -> 0 | Z7: ='Otto benchmark'!AB6 -> 144.86004 | AA7: ='Otto benchmark'!AC6 -> 29.72 | AE7: ='Classical benchmark'!G7 -> Barthold2 | AF7: ='Classical benchmark'!H7 -> 148 | AG7: ='Classical benchmark'!J7 -> 27 | AH7: ='Classical benchmark'!K7 -> 2.4512222 | AI7: 27 | AJ7: ='Classical benchmark'!L7 -> 29.66 | AK7: 27 | AL7: ='Classical benchmark'!M7 -> 575.35 | AM7: ='Classical benchmark'!N7 -> 25
C8: 0.6 | D8: BM | E8: ='C_k = bar{C}_k'!X11 -> 24 | F8: ='C_k = bar{C}_k'!Y11 -> 0.18181818 | G8: ='C_k = bar{C}_k'!$Z$11 -> 144.93832 | I8: ='C_k = bar{C}_k'!X12 -> 23 | J8: ='C_k = bar{C}_k'!Y12 -> 0.36363636 | K8: ='C_k = bar{C}_k'!$Z$12 -> 289.11676 | M8: ='C_k = bar{C}_k'!X13 -> 22 | N8: ='C_k = bar{C}_k'!Y13 -> 0.70301357 | O8: ='C_k = bar{C}_k'!$Z$13 -> 433.0632 | U8: PB | V8: ='Otto benchmark'!X7 -> 25 | W8: ='Otto benchmark'!Y7 -> 25 | X8: ='Otto benchmark'!Z7 -> 0 | Y8: ='Otto benchmark'!AA7 -> 0 | Z8: ='Otto benchmark'!AB7 -> 0.13908 | AA8: ='Otto benchmark'!AC7 -> 2.29 | AE8: ='Classical benchmark'!G8 -> Bowman | AF8: ='Classical benchmark'!H8 -> 8 | AG8: ='Classical benchmark'!J8 -> 1 | AH8: ='Classical benchmark'!K8 -> 0.001 | AI8: 1 | AJ8: ='Classical benchmark'!L8 -> 0 | AK8: 1 | AL8: ='Classical benchmark'!M8 -> 0.05 | AM8: ='Classical benchmark'!N8 -> 1
D9: PB | E9: ='C_k = bar{C}_k'!X14 -> 25 | F9: ='C_k = bar{C}_k'!Y14 -> 0 | G9: ='C_k = bar{C}_k'!$Z$14 -> 0.62592 | I9: ='C_k = bar{C}_k'!X15 -> 25 | J9: ='C_k = bar{C}_k'!Y15 -> 0 | K9: ='C_k = bar{C}_k'!$Z$15 -> 1.08844 | M9: ='C_k = bar{C}_k'!X16 -> 25 | N9: ='C_k = bar{C}_k'!Y16 -> 0 | O9: ='C_k = bar{C}_k'!$Z$16 -> 2.58244 | U9: PM | V9: ='Otto benchmark'!X8 -> 24 | W9: ='Otto benchmark'!Y8 -> 25 | X9: ='Otto benchmark'!Z8 -> 0.078431373 | Y9: ='Otto benchmark'!AA8 -> 0 | Z9: ='Otto benchmark'!AB8 -> 145.64512 | AA9: ='Otto benchmark'!AC8 -> 68.38 | AE9: ='Classical benchmark'!G9 -> Buxey | AF9: ='Classical benchmark'!H9 -> 29 | AG9: ='Classical benchmark'!J9 -> 7 | AH9: ='Classical benchmark'!K9 -> 0.0018571429 | AI9: 7 | AJ9: ='Classical benchmark'!L9 -> 0.03 | AK9: 7 | AL9: ='Classical benchmark'!M9 -> 171.94 | AM9: ='Classical benchmark'!N9 -> 7
D10: PM | E10: ='C_k = bar{C}_k'!X17 -> 23 | F10: ='C_k = bar{C}_k'!Y17 -> 0.15535445 | G10: ='C_k = bar{C}_k'!$Z$17 -> 294.73324 | I10: ='C_k = bar{C}_k'!X18 -> 23 | J10: ='C_k = bar{C}_k'!Y18 -> 0.15250545 | K10: ='C_k = bar{C}_k'!$Z$18 -> 290.92688 | M10: ='C_k = bar{C}_k'!X19 -> 23 | N10: ='C_k = bar{C}_k'!Y19 -> 0.15115865 | O10: ='C_k = bar{C}_k'!$Z$19 -> 313.05228 | S10: CH | T10: 0.2 | U10: BM | V10: ='Otto benchmark'!X9 -> 25 | W10: ='Otto benchmark'!Y9 -> 25 | X10: ='Otto benchmark'!Z9 -> 0 | Y10: ='Otto benchmark'!AA9 -> 0 | Z10: ='Otto benchmark'!AB9 -> 0.69992 | AA10: ='Otto benchmark'!AC9 -> 5.09 | AE10: ='Classical benchmark'!G10 -> Gunther | AF10: ='Classical benchmark'!H10 -> 35 | AG10: ='Classical benchmark'!J10 -> 7 | AH10: ='Classical benchmark'!K10 -> 0.0012857143 | AI10: 7 | AJ10: ='Classical benchmark'!L10 -> 0 | AK10: 7 | AL10: ='Classical benchmark'!M10 -> 114.83 | AM10: ='Classical benchmark'!N10 -> 7
B11: CH | C11: 0.2 | D11: BM | E11: ='C_k = bar{C}_k'!X20 -> 25 | F11: ='C_k = bar{C}_k'!Y20 -> 0 | G11: ='C_k = bar{C}_k'!$Z$20 -> 0.7608 | I11: ='C_k = bar{C}_k'!X21 -> 25 | J11: ='C_k = bar{C}_k'!Y21 -> 0 | K11: ='C_k = bar{C}_k'!$Z$21 -> 0.76668 | M11: ='C_k = bar{C}_k'!X22 -> 25 | N11: ='C_k = bar{C}_k'!Y22 -> 0 | O11: ='C_k = bar{C}_k'!$Z$22 -> 0.77732 | U11: PB | V11: ='Otto benchmark'!X10 -> 25 | W11: ='Otto benchmark'!Y10 -> 25 | X11: ='Otto benchmark'!Z10 -> 0 | Y11: ='Otto benchmark'!AA10 -> 0 | Z11: ='Otto benchmark'!AB10 -> 0.27628 | AA11: ='Otto benchmark'!AC10 -> 5.42 | AE11: ='Classical benchmark'!G11 -> Hahn | AF11: ='Classical benchmark'!H11 -> 53 | AG11: ='Classical benchmark'!J11 -> 5 | AH11: ='Classical benchmark'!K11 -> 0.006 | AI11: 5 | AJ11: ='Classical benchmark'!L11 -> 0.02 | AK11: 5 | AL11: ='Classical benchmark'!M11 -> 0.22 | AM11: ='Classical benchmark'!N11 -> 5
D12: PB | E12: ='C_k = bar{C}_k'!X23 -> 25 | F12: ='C_k = bar{C}_k'!Y23 -> 0 | G12: ='C_k = bar{C}_k'!$Z$23 -> 0.39288 | I12: ='C_k = bar{C}_k'!X24 -> 25 | J12: ='C_k = bar{C}_k'!Y24 -> 0 | K12: ='C_k = bar{C}_k'!$Z$24 -> 0.48804 | M12: ='C_k = bar{C}_k'!X25 -> 25 | N12: ='C_k = bar{C}_k'!Y25 -> 0 | O12: ='C_k = bar{C}_k'!$Z$25 -> 43.50984 | U12: PM | V12: ='Otto benchmark'!X11 -> 23 | W12: ='Otto benchmark'!Y11 -> 18 | X12: ='Otto benchmark'!Z11 -> 0.15843137 | Y12: ='Otto benchmark'!AA11 -> 0.54 | Z12: ='Otto benchmark'!AB11 -> 305.39436 | AA12: ='Otto benchmark'!AC11 -> 2582.75 | AE12: ='Classical benchmark'!G12 -> Heskiaoff | AF12: ='Classical benchmark'!H12 -> 28 | AG12: ='Classical benchmark'!J12 -> 6 | AH12: ='Classical benchmark'!K12 -> 0.0013333333 | AI12: 6 | AJ12: ='Classical benchmark'!L12 -> 0.05 | AK12: 6 | AL12: ='Classical benchmark'!M12 -> 0.22 | AM12: ='Classical benchmark'!N12 -> 6
D13: PM | E13: ='C_k = bar{C}_k'!X26 -> 20 | F13: ='C_k = bar{C}_k'!Y26 -> 0.39541848 | G13: ='C_k = bar{C}_k'!$Z$26 -> 726.75252 | I13: ='C_k = bar{C}_k'!X27 -> 21 | J13: ='C_k = bar{C}_k'!Y27 -> 0.3184954 | K13: ='C_k = bar{C}_k'!$Z$27 -> 609.025 | M13: ='C_k = bar{C}_k'!X28 -> 20 | N13: ='C_k = bar{C}_k'!Y28 -> 0.38992397 | O13: ='C_k = bar{C}_k'!$Z$28 -> 753.7788 | T13: 0.6 | U13: BM | V13: ='Otto benchmark'!X12 -> 25 | W13: ='Otto benchmark'!Y12 -> 25 | X13: ='Otto benchmark'!Z12 -> 0 | Y13: ='Otto benchmark'!AA12 -> 0 | Z13: ='Otto benchmark'!AB12 -> 0.6276 | AA13: ='Otto benchmark'!AC12 -> 1.39 | AE13: ='Classical benchmark'!G13 -> Jackson | AF13: ='Classical benchmark'!H13 -> 11 | AG13: ='Classical benchmark'!J13 -> 6 | AH13: ='Classical benchmark'!K13 -> 0.001 | AI13: 6 | AJ13: ='Classical benchmark'!L13 -> 0 | AK13: 6 | AL13: ='Classical benchmark'!M13 -> 0.06 | AM13: ='Classical benchmark'!N13 -> 6
C14: 0.6 | D14: BM | E14: ='C_k = bar{C}_k'!X29 -> 25 | F14: ='C_k = bar{C}_k'!Y29 -> 0 | G14: ='C_k = bar{C}_k'!$Z$29 -> 0.93088 | I14: ='C_k = bar{C}_k'!X30 -> 24 | J14: ='C_k = bar{C}_k'!Y30 -> 0.14814815 | K14: ='C_k = bar{C}_k'!$Z$30 -> 145.10664 | M14: ='C_k = bar{C}_k'!X31 -> 25 | N14: ='C_k = bar{C}_k'!Y31 -> 0 | O14: ='C_k = bar{C}_k'!$Z$31 -> 1.39552 | U14: PB | V14: ='Otto benchmark'!X13 -> 25 | W14: ='Otto benchmark'!Y13 -> 25 | X14: ='Otto benchmark'!Z13 -> 0 | Y14: ='Otto benchmark'!AA13 -> 0 | Z14: ='Otto benchmark'!AB13 -> 0.09524 | AA14: ='Otto benchmark'!AC13 -> 0.52 | AE14: ='Classical benchmark'!G14 -> Jaeschke | AF14: ='Classical benchmark'!H14 -> 9 | AG14: ='Classical benchmark'!J14 -> 5 | AH14: ='Classical benchmark'!K14 -> 0.001 | AI14: 5 | AJ14: ='Classical benchmark'!L14 -> 0 | AK14: 5 | AL14: ='Classical benchmark'!M14 -> 0.03 | AM14: ='Classical benchmark'!N14 -> 5
D15: PB | E15: ='C_k = bar{C}_k'!X32 -> 25 | F15: ='C_k = bar{C}_k'!Y32 -> 0 | G15: ='C_k = bar{C}_k'!$Z$32 -> 0.36772 | I15: ='C_k = bar{C}_k'!X33 -> 25 | J15: ='C_k = bar{C}_k'!Y33 -> 0 | K15: ='C_k = bar{C}_k'!$Z$33 -> 1.01336 | M15: ='C_k = bar{C}_k'!X34 -> 25 | N15: ='C_k = bar{C}_k'!Y34 -> 0 | O15: ='C_k = bar{C}_k'!$Z$34 -> 1.1456 | U15: PM | V15: ='Otto benchmark'!X14 -> 24 | W15: ='Otto benchmark'!Y14 -> 25 | X15: ='Otto benchmark'!Z14 -> 0.068965517 | Y15: ='Otto benchmark'!AA14 -> 0 | Z15: ='Otto benchmark'!AB14 -> 145.825 | AA15: ='Otto benchmark'!AC14 -> 34.83 | AE15: ='Classical benchmark'!G15 -> Kilbridge | AF15: ='Classical benchmark'!H15 -> 45 | AG15: ='Classical benchmark'!J15 -> 10 | AH15: ='Classical benchmark'!K15 -> 0.0052 | AI15: 10 | AJ15: ='Classical benchmark'!L15 -> 0.04 | AK15: 10 | AL15: ='Classical benchmark'!M15 -> 0.58 | AM15: ='Classical benchmark'!N15 -> 10
D16: PM | E16: ='C_k = bar{C}_k'!X35 -> 24 | F16: ='C_k = bar{C}_k'!Y35 -> 0.071428571 | G16: ='C_k = bar{C}_k'!$Z$35 -> 147.00044 | I16: ='C_k = bar{C}_k'!X36 -> 23 | J16: ='C_k = bar{C}_k'!Y36 -> 0.14039409 | K16: ='C_k = bar{C}_k'!$Z$36 -> 290.55428 | M16: ='C_k = bar{C}_k'!X37 -> 24 | N16: ='C_k = bar{C}_k'!Y37 -> 0.068965517 | O16: ='C_k = bar{C}_k'!$Z$37 -> 148.23668 | S16: MIXED | T16: 0.2 | U16: BM | V16: ='Otto benchmark'!X15 -> 25 | W16: ='Otto benchmark'!Y15 -> 25 | X16: ='Otto benchmark'!Z15 -> 0 | Y16: ='Otto benchmark'!AA15 -> 0 | Z16: ='Otto benchmark'!AB15 -> 0.78948 | AA16: ='Otto benchmark'!AC15 -> 9.08 | AE16: ='Classical benchmark'!G16 -> Lutz1 | AF16: ='Classical benchmark'!H16 -> 32 | AG16: ='Classical benchmark'!J16 -> 6 | AH16: ='Classical benchmark'!K16 -> 0.0018333333 | AI16: 6 | AJ16: ='Classical benchmark'!L16 -> 0 | AK16: 6 | AL16: ='Classical benchmark'!M16 -> 0.13 | AM16: ='Classical benchmark'!N16 -> 6
B17: MIXED | C17: 0.2 | D17: BM | E17: ='C_k = bar{C}_k'!X38 -> 25 | F17: ='C_k = bar{C}_k'!Y38 -> 0 | G17: ='C_k = bar{C}_k'!$Z$38 -> 0.79532 | I17: ='C_k = bar{C}_k'!X39 -> 25 | J17: ='C_k = bar{C}_k'!Y39 -> 0 | K17: ='C_k = bar{C}_k'!$Z$39 -> 0.73324 | M17: ='C_k = bar{C}_k'!X40 -> 25 | N17: ='C_k = bar{C}_k'!Y40 -> 0 | O17: ='C_k = bar{C}_k'!$Z$40 -> 0.71892 | U17: PB | V17: ='Otto benchmark'!X16 -> 25 | W17: ='Otto benchmark'!Y16 -> 25 | X17: ='Otto benchmark'!Z16 -> 0 | Y17: ='Otto benchmark'!AA16 -> 0 | Z17: ='Otto benchmark'!AB16 -> 0.443 | AA17: ='Otto benchmark'!AC16 -> 6.64 | AE17: ='Classical benchmark'!G17 -> Lutz2 | AF17: ='Classical benchmark'!H17 -> 89 | AG17: ='Classical benchmark'!J17 -> 11 | AH17: ='Classical benchmark'!K17 -> 0.32118182 | AI17: 11 | AJ17: ='Classical benchmark'!L17 -> 0.22 | AK17: 11 | AL17: ='Classical benchmark'!M17 -> 106.99 | AM17: ='Classical benchmark'!N17 -> 11
D18: PB | E18: ='C_k = bar{C}_k'!X41 -> 25 | F18: ='C_k = bar{C}_k'!Y41 -> 0 | G18: ='C_k = bar{C}_k'!$Z$41 -> 0.76884 | I18: ='C_k = bar{C}_k'!X42 -> 25 | J18: ='C_k = bar{C}_k'!Y42 -> 0 | K18: ='C_k = bar{C}_k'!$Z$42 -> 0.74652 | M18: ='C_k = bar{C}_k'!X43 -> 25 | N18: ='C_k = bar{C}_k'!Y43 -> 0 | O18: ='C_k = bar{C}_k'!$Z$43 -> 10.10616 | U18: PM | V18: ='Otto benchmark'!X17 -> 25 | W18: ='Otto benchmark'!Y17 -> 18 | X18: ='Otto benchmark'!Z17 -> 0 | Y18: ='Otto benchmark'!AA17 -> 0.66 | Z18: ='Otto benchmark'!AB17 -> 18.3946 | AA18: ='Otto benchmark'!AC17 -> 2312.61 | AE18: ='Classical benchmark'!G18 -> Lutz3 | AF18: ='Classical benchmark'!H18 -> 89 | AG18: ='Classical benchmark'!J18 -> 12 | AH18: ='Classical benchmark'!K18 -> 0.018916667 | AI18: 12 | AJ18: ='Classical benchmark'!L18 -> 0.03 | AK18: 12 | AL18: ='Classical benchmark'!M18 -> 1.66 | AM18: ='Classical benchmark'!N18 -> 12
D19: PM | E19: ='C_k = bar{C}_k'!X44 -> 23 | F19: ='C_k = bar{C}_k'!Y44 -> 0.15407407 | G19: ='C_k = bar{C}_k'!$Z$44 -> 313.45784 | I19: ='C_k = bar{C}_k'!X45 -> 24 | J19: ='C_k = bar{C}_k'!Y45 -> 0.078431373 | K19: ='C_k = bar{C}_k'!$Z$45 -> 226.11024 | M19: ='C_k = bar{C}_k'!X46 -> 23 | N19: ='C_k = bar{C}_k'!Y46 -> 0.1554717 | O19: ='C_k = bar{C}_k'!$Z$46 -> 344.28692 | T19: 0.6 | U19: BM | V19: ='Otto benchmark'!X18 -> 25 | W19: ='Otto benchmark'!Y18 -> 25 | X19: ='Otto benchmark'!Z18 -> 0 | Y19: ='Otto benchmark'!AA18 -> 0 | Z19: ='Otto benchmark'!AB18 -> 0.41744 | AA19: ='Otto benchmark'!AC18 -> 1.58 | AE19: ='Classical benchmark'!G19 -> Mansoor | AF19: ='Classical benchmark'!H19 -> 11 | AG19: ='Classical benchmark'!J19 -> 3 | AH19: ='Classical benchmark'!K19 -> 0.001 | AI19: 3 | AJ19: ='Classical benchmark'!L19 -> 0 | AK19: 3 | AL19: ='Classical benchmark'!M19 -> 0.08 | AM19: ='Classical benchmark'!N19 -> 3
C20: 0.6 | D20: BM | E20: ='C_k = bar{C}_k'!X47 -> 25 | F20: ='C_k = bar{C}_k'!Y47 -> 0 | G20: ='C_k = bar{C}_k'!$Z$47 -> 0.74168 | I20: ='C_k = bar{C}_k'!X48 -> 25 | J20: ='C_k = bar{C}_k'!Y48 -> 0 | K20: ='C_k = bar{C}_k'!$Z$48 -> 0.91264 | M20: ='C_k = bar{C}_k'!X49 -> 25 | N20: ='C_k = bar{C}_k'!Y49 -> 0 | O20: ='C_k = bar{C}_k'!$Z$49 -> 1.06208 | U20: PB | V20: ='Otto benchmark'!X19 -> 25 | W20: ='Otto benchmark'!Y19 -> 25 | X20: ='Otto benchmark'!Z19 -> 0 | Y20: ='Otto benchmark'!AA19 -> 0 | Z20: ='Otto benchmark'!AB19 -> 0.09936 | AA20: ='Otto benchmark'!AC19 -> 0.56 | AE20: ='Classical benchmark'!G20 -> Mertens | AF20: ='Classical benchmark'!H20 -> 7 | AG20: ='Classical benchmark'!J20 -> 6 | AH20: ='Classical benchmark'!K20 -> 0.00066666667 | AI20: 6 | AJ20: ='Classical benchmark'!L20 -> 0 | AK20: 6 | AL20: ='Classical benchmark'!M20 -> 0.03 | AM20: ='Classical benchmark'!N20 -> 6
D21: PB | E21: ='C_k = bar{C}_k'!X50 -> 25 | F21: ='C_k = bar{C}_k'!Y50 -> 0 | G21: ='C_k = bar{C}_k'!$Z$50 -> 0.51896 | I21: ='C_k = bar{C}_k'!X51 -> 25 | J21: ='C_k = bar{C}_k'!Y51 -> 0 | K21: ='C_k = bar{C}_k'!$Z$51 -> 0.95644 | M21: ='C_k = bar{C}_k'!X52 -> 25 | N21: ='C_k = bar{C}_k'!Y52 -> 0 | O21: ='C_k = bar{C}_k'!$Z$52 -> 1.30596 | U21: PM | V21: ='Otto benchmark'!X20 -> 24 | W21: ='Otto benchmark'!Y20 -> 25 | X21: ='Otto benchmark'!Z20 -> 0.06779661 | Y21: ='Otto benchmark'!AA20 -> 0 | Z21: ='Otto benchmark'!AB20 -> 147.45496 | AA21: ='Otto benchmark'!AC20 -> 48.32 | AE21: ='Classical benchmark'!G21 -> Mitchell | AF21: ='Classical benchmark'!H21 -> 21 | AG21: ='Classical benchmark'!J21 -> 6 | AH21: ='Classical benchmark'!K21 -> 0.00083333333 | AI21: 6 | AJ21: ='Classical benchmark'!L21 -> 0 | AK21: 6 | AL21: ='Classical benchmark'!M21 -> 0.13 | AM21: ='Classical benchmark'!N21 -> 6
D22: PM | E22: ='C_k = bar{C}_k'!X53 -> 23 | F22: ='C_k = bar{C}_k'!Y53 -> 0.14622798 | G22: ='C_k = bar{C}_k'!$Z$53 -> 293.15116 | I22: ='C_k = bar{C}_k'!X54 -> 24 | J22: ='C_k = bar{C}_k'!Y54 -> 0.06779661 | K22: ='C_k = bar{C}_k'!$Z$54 -> 148.91804 | M22: ='C_k = bar{C}_k'!X55 -> 23 | N22: ='C_k = bar{C}_k'!Y55 -> 0.15390307 | O22: ='C_k = bar{C}_k'!$Z$55 -> 292.84492 | T22: 0.9 | U22: BM | V22: ='Otto benchmark'!X21 -> 25 | W22: ='Otto benchmark'!Y21 -> 25 | X22: ='Otto benchmark'!Z21 -> 0 | Y22: ='Otto benchmark'!AA21 -> 0 | Z22: ='Otto benchmark'!AB21 -> 0.10036 | AA22: ='Otto benchmark'!AC21 -> 0.08 | AE22: ='Classical benchmark'!G22 -> Mukherje | AF22: ='Classical benchmark'!H22 -> 94 | AG22: ='Classical benchmark'!J22 -> 13 | AH22: ='Classical benchmark'!K22 -> 20.371769 | AI22: 13 | AJ22: ='Classical benchmark'!L22 -> 5.61 | AK22: 13 | AL22: ='Classical benchmark'!M22 -> 76.92 | AM22: ='Classical benchmark'!N22 -> 13
C23: 0.9 | D23: BM | E23: ='C_k = bar{C}_k'!X56 -> 25 | F23: ='C_k = bar{C}_k'!Y56 -> 0 | G23: ='C_k = bar{C}_k'!$Z$56 -> 0.24252 | I23: ='C_k = bar{C}_k'!X57 -> 25 | J23: ='C_k = bar{C}_k'!Y57 -> 0 | K23: ='C_k = bar{C}_k'!$Z$57 -> 0.24292 | M23: ='C_k = bar{C}_k'!X58 -> 25 | N23: ='C_k = bar{C}_k'!Y58 -> 0 | O23: ='C_k = bar{C}_k'!$Z$58 -> 0.27144 | U23: PB | V23: ='Otto benchmark'!X22 -> 25 | W23: ='Otto benchmark'!Y22 -> 25 | X23: ='Otto benchmark'!Z22 -> 0 | Y23: ='Otto benchmark'!AA22 -> 0 | Z23: ='Otto benchmark'!AB22 -> 0.06196 | AA23: ='Otto benchmark'!AC22 -> 0.04 | AE23: ='Classical benchmark'!G23 -> Roszieg | AF23: ='Classical benchmark'!H23 -> 25 | AG23: ='Classical benchmark'!J23 -> 6 | AH23: ='Classical benchmark'!K23 -> 0.0011666667 | AI23: 6 | AJ23: ='Classical benchmark'!L23 -> 0 | AK23: 6 | AL23: ='Classical benchmark'!M23 -> 66.86 | AM23: ='Classical benchmark'!N23 -> 6
D24: PB | E24: ='C_k = bar{C}_k'!X59 -> 25 | F24: ='C_k = bar{C}_k'!Y59 -> 0 | G24: ='C_k = bar{C}_k'!$Z$59 -> 0.12684 | I24: ='C_k = bar{C}_k'!X60 -> 25 | J24: ='C_k = bar{C}_k'!Y60 -> 0 | K24: ='C_k = bar{C}_k'!$Z$60 -> 0.1292 | M24: ='C_k = bar{C}_k'!X61 -> 25 | N24: ='C_k = bar{C}_k'!Y61 -> 0 | O24: ='C_k = bar{C}_k'!$Z$61 -> 0.13068 | U24: PM | V24: ='Otto benchmark'!X23 -> 25 | W24: ='Otto benchmark'!Y23 -> 25 | X24: ='Otto benchmark'!Z23 -> 0 | Y24: ='Otto benchmark'!AA23 -> 0 | Z24: ='Otto benchmark'!AB23 -> 0.4416 | AA24: ='Otto benchmark'!AC23 -> 0.32 | AE24: ='Classical benchmark'!G24 -> Sawyer | AF24: ='Classical benchmark'!H24 -> 30 | AG24: ='Classical benchmark'!J24 -> 9 | AH24: ='Classical benchmark'!K24 -> 0.0017777778 | AI24: 9 | AJ24: ='Classical benchmark'!L24 -> 0.07 | AK24: 9 | AL24: ='Classical benchmark'!M24 -> 134.48 | AM24: ='Classical benchmark'!N24 -> 9
D25: PM | E25: ='C_k = bar{C}_k'!X62 -> 25 | F25: ='C_k = bar{C}_k'!Y62 -> 0 | G25: ='C_k = bar{C}_k'!$Z$62 -> 0.89756 | I25: ='C_k = bar{C}_k'!X63 -> 25 | J25: ='C_k = bar{C}_k'!Y63 -> 0 | K25: ='C_k = bar{C}_k'!$Z$63 -> 0.94496 | M25: ='C_k = bar{C}_k'!X64 -> 25 | N25: ='C_k = bar{C}_k'!Y64 -> 0 | O25: ='C_k = bar{C}_k'!$Z$64 -> 0.85068 | S25: Overall | V25: ='Otto benchmark'!X24 -> 517 | W25: ='Otto benchmark'!Y24 -> 502 | X25: ='Otto benchmark'!Z24 -> 0.033919324 | Y25: ='Otto benchmark'!AA24 -> 0.092380952 | Z25: ='Otto benchmark'!AB24 -> 57.421141 | AA25: ='Otto benchmark'!AC24 -> 375.90143 | AE25: ='Classical benchmark'!G25 -> Scholl | AF25: ='Classical benchmark'!H25 -> 297 | AG25: ='Classical benchmark'!J25 -> 26 | AH25: ='Classical benchmark'!K25 -> 2.8938077 | AI25: 26 | AJ25: ='Classical benchmark'!L25 -> 40.26 | AK25: 26 | AL25: ='Classical benchmark'!M25 -> 114.39 | AM25: ='Classical benchmark'!N25 -> 26
B26: Overall | E26: =SUM(E5:E25) -> 509 | F26: =AVERAGE(F5:F25) -> 0.063719407 | G26: =AVERAGE(G5:G25) -> 113.45686 | I26: =SUM(I5:I25) -> 510 | J26: =AVERAGE(J5:J25) -> 0.067845804 | K26: =AVERAGE(K5:K25) -> 113.10041 | M26: =SUM(M5:M25) -> 508 | N26: =AVERAGE(N5:N25) -> 0.094599149 | O26: =AVERAGE(O5:O25) -> 130.65069 | AE26: ='Classical benchmark'!G26 -> Tonge | AF26: ='Classical benchmark'!H26 -> 70 | AG26: ='Classical benchmark'!J26 -> 16 | AH26: ='Classical benchmark'!K26 -> 0.0834375 | AI26: 16 | AJ26: ='Classical benchmark'!L26 -> 0.1 | AK26: 16 | AL26: ='Classical benchmark'!M26 -> 15.74 | AM26: ='Classical benchmark'!N26 -> 16
AE27: ='Classical benchmark'!G27 -> Warnecke | AF27: ='Classical benchmark'!H27 -> 58 | AG27: ='Classical benchmark'!J27 -> 16 | AH27: ='Classical benchmark'!K27 -> 0.20075 | AI27: 16 | AJ27: ='Classical benchmark'!L27 -> 0.26 | AK27: 16 | AL27: ='Classical benchmark'!M27 -> 870.38 | AM27: ='Classical benchmark'!N27 -> 15
B28: Results for C_k = 2/3\bar{C}_k + 1/3 \underline{C} | AE28: ='Classical benchmark'!G28 -> Wee-Mag | AF28: ='Classical benchmark'!H28 -> 75 | AG28: ='Classical benchmark'!J28 -> 24 | AH28: ='Classical benchmark'!K28 -> 0.21675 | AI28: 24 | AJ28: ='Classical benchmark'!L28 -> 2.25 | AK28: 24 | AL28: ='Classical benchmark'!M28 -> 2.24 | AM28: ='Classical benchmark'!N28 -> 24
B29: Struct. | C29: OS | D29: TD | E29: Configuration K=2 | I29: Configuration K=3 | M29: Configuration K=4 | AE29: ='Classical benchmark'!G29 -> Overall | AG29: ='Classical benchmark'!J29 -> 269 | AH29: ='Classical benchmark'!K29 -> 1.6057249 | AI29: 269 | AJ29: ='Classical benchmark'!L29 -> 10.94 | AK29: 269 | AL29: ='Classical benchmark'!M29 -> 157.2 | AM29: ='Classical benchmark'!N29 -> 266
E30: opt | F30: gap(\%) | G30: total time | I30: opt | J30: gap(\%) | K30: total time | M30: opt | N30: gap(\%) | O30: total time
B31: BN | C31: 0.2 | D31: BM | E31: ='C_k = Ck(1)'!X2 -> 25 | F31: ='C_k = Ck(1)'!Y2 -> 0 | G31: ='C_k = Ck(1)'!Z2 -> 0.69228 | I31: ='C_k = Ck(1)'!X3 -> 25 | J31: ='C_k = Ck(1)'!Y3 -> 0 | K31: ='C_k = Ck(1)'!Z3 -> 0.70604 | M31: ='C_k = Ck(1)'!X4 -> 25 | N31: ='C_k = Ck(1)'!Y4 -> 0 | O31: ='C_k = Ck(1)'!Z4 -> 0.74496
D32: PB | E32: ='C_k = Ck(1)'!X5 -> 25 | F32: ='C_k = Ck(1)'!Y5 -> 0 | G32: ='C_k = Ck(1)'!Z5 -> 0.6222 | I32: ='C_k = Ck(1)'!X6 -> 25 | J32: ='C_k = Ck(1)'!Y6 -> 0 | K32: ='C_k = Ck(1)'!Z6 -> 0.681 | M32: ='C_k = Ck(1)'!X7 -> 23 | N32: ='C_k = Ck(1)'!Y7 -> 0.57142857 | O32: ='C_k = Ck(1)'!Z7 -> 303.94124
D33: PM | E33: ='C_k = Ck(1)'!X8 -> 23 | F33: ='C_k = Ck(1)'!Y8 -> 0.15686275 | G33: ='C_k = Ck(1)'!Z8 -> 302.00616 | I33: ='C_k = Ck(1)'!X9 -> 23 | J33: ='C_k = Ck(1)'!Y9 -> 0.15686275 | K33: ='C_k = Ck(1)'!Z9 -> 296.36952 | M33: ='C_k = Ck(1)'!X10 -> 22 | N33: ='C_k = Ck(1)'!Y10 -> 0.23093682 | O33: ='C_k = Ck(1)'!Z10 -> 462.78356
C34: 0.6 | D34: BM | E34: ='C_k = Ck(1)'!X11 -> 24 | F34: ='C_k = Ck(1)'!Y11 -> 0.18181818 | G34: ='C_k = Ck(1)'!Z11 -> 145.11436 | I34: ='C_k = Ck(1)'!X12 -> 23 | J34: ='C_k = Ck(1)'!Y12 -> 0.36363636 | K34: ='C_k = Ck(1)'!Z12 -> 289.2586 | M34: ='C_k = Ck(1)'!X13 -> 23 | N34: ='C_k = Ck(1)'!Y13 -> 0.52910053 | O34: ='C_k = Ck(1)'!Z13 -> 289.9374
D35: PB | E35: ='C_k = Ck(1)'!X14 -> 25 | F35: ='C_k = Ck(1)'!Y14 -> 0 | G35: ='C_k = Ck(1)'!Z14 -> 0.66312 | I35: ='C_k = Ck(1)'!X15 -> 25 | J35: ='C_k = Ck(1)'!Y15 -> 0 | K35: ='C_k = Ck(1)'!Z15 -> 1.09364 | M35: ='C_k = Ck(1)'!X16 -> 25 | N35: ='C_k = Ck(1)'!Y16 -> 0 | O35: ='C_k = Ck(1)'!Z16 -> 2.42504
D36: PM | E36: ='C_k = Ck(1)'!X17 -> 22 | F36: ='C_k = Ck(1)'!Y17 -> 0.23082615 | G36: ='C_k = Ck(1)'!Z17 -> 434.20252 | I36: ='C_k = Ck(1)'!X18 -> 23 | J36: ='C_k = Ck(1)'!Y18 -> 0.15250545 | K36: ='C_k = Ck(1)'!Z18 -> 297.6658 | M36: ='C_k = Ck(1)'!X19 -> 23 | N36: ='C_k = Ck(1)'!Y19 -> 0.15115865 | O36: ='C_k = Ck(1)'!Z19 -> 314.61948
B37: CH | C37: 0.2 | D37: BM | E37: ='C_k = Ck(1)'!X20 -> 25 | F37: ='C_k = Ck(1)'!Y20 -> 0 | G37: ='C_k = Ck(1)'!Z20 -> 0.84824 | I37: ='C_k = Ck(1)'!X21 -> 25 | J37: ='C_k = Ck(1)'!Y21 -> 0 | K37: ='C_k = Ck(1)'!Z21 -> 0.84768 | M37: ='C_k = Ck(1)'!X22 -> 25 | N37: ='C_k = Ck(1)'!Y22 -> 0 | O37: ='C_k = Ck(1)'!Z22 -> 0.8542
D38: PB | E38: ='C_k = Ck(1)'!X23 -> 25 | F38: ='C_k = Ck(1)'!Y23 -> 0 | G38: ='C_k = Ck(1)'!Z23 -> 0.44056 | I38: ='C_k = Ck(1)'!X24 -> 25 | J38: ='C_k = Ck(1)'!Y24 -> 0 | K38: ='C_k = Ck(1)'!Z24 -> 0.53868 | M38: ='C_k = Ck(1)'!X25 -> 24 | N38: ='C_k = Ck(1)'!Y25 -> 0.28571429 | O38: ='C_k = Ck(1)'!Z25 -> 145.07264
D39: PM | E39: ='C_k = Ck(1)'!X26 -> 22 | F39: ='C_k = Ck(1)'!Y26 -> 0.23686275 | G39: ='C_k = Ck(1)'!Z26 -> 447.68484 | I39: ='C_k = Ck(1)'!X27 -> 20 | J39: ='C_k = Ck(1)'!Y27 -> 0.38992397 | K39: ='C_k = Ck(1)'!Z27 -> 742.70248 | M39: ='C_k = Ck(1)'!X28 -> 20 | N39: ='C_k = Ck(1)'!Y28 -> 0.39391018 | O39: ='C_k = Ck(1)'!Z28 -> 806.91184
C40: 0.6 | D40: BM | E40: ='C_k = Ck(1)'!X29 -> 25 | F40: ='C_k = Ck(1)'!Y29 -> 0 | G40: ='C_k = Ck(1)'!Z29 -> 1.07384 | I40: ='C_k = Ck(1)'!X30 -> 24 | J40: ='C_k = Ck(1)'!Y30 -> 0.14814815 | K40: ='C_k = Ck(1)'!Z30 -> 145.3144 | M40: ='C_k = Ck(1)'!X31 -> 25 | N40: ='C_k = Ck(1)'!Y31 -> 0 | O40: ='C_k = Ck(1)'!Z31 -> 1.525
D41: PB | E41: ='C_k = Ck(1)'!X32 -> 25 | F41: ='C_k = Ck(1)'!Y32 -> 0 | G41: ='C_k = Ck(1)'!Z32 -> 0.388 | I41: ='C_k = Ck(1)'!X33 -> 25 | J41: ='C_k = Ck(1)'!Y33 -> 0 | K41: ='C_k = Ck(1)'!Z33 -> 1.05904 | M41: ='C_k = Ck(1)'!X34 -> 25 | N41: ='C_k = Ck(1)'!Y34 -> 0 | O41: ='C_k = Ck(1)'!Z34 -> 1.2046
D42: PM | E42: ='C_k = Ck(1)'!X35 -> 25 | F42: ='C_k = Ck(1)'!Y35 -> 0 | G42: ='C_k = Ck(1)'!Z35 -> 3.39296 | I42: ='C_k = Ck(1)'!X36 -> 24 | J42: ='C_k = Ck(1)'!Y36 -> 0.14035088 | K42: ='C_k = Ck(1)'!Z36 -> 146.78316 | M42: ='C_k = Ck(1)'!X37 -> 24 | N42: ='C_k = Ck(1)'!Y37 -> 0.14035088 | O42: ='C_k = Ck(1)'!Z37 -> 148.59992
B43: MIXED | C43: 0.2 | D43: BM | E43: ='C_k = Ck(1)'!X38 -> 25 | F43: ='C_k = Ck(1)'!Y38 -> 0 | G43: ='C_k = Ck(1)'!Z38 -> 0.85948 | I43: ='C_k = Ck(1)'!X39 -> 25 | J43: ='C_k = Ck(1)'!Y39 -> 0 | K43: ='C_k = Ck(1)'!Z39 -> 0.79792 | M43: ='C_k = Ck(1)'!X40 -> 25 | N43: ='C_k = Ck(1)'!Y40 -> 0 | O43: ='C_k = Ck(1)'!Z40 -> 0.76336
D44: PB | E44: ='C_k = Ck(1)'!X41 -> 25 | F44: ='C_k = Ck(1)'!Y41 -> 0 | G44: ='C_k = Ck(1)'!Z41 -> 0.83292 | I44: ='C_k = Ck(1)'!X42 -> 25 | J44: ='C_k = Ck(1)'!Y42 -> 0 | K44: ='C_k = Ck(1)'!Z42 -> 0.82708 | M44: ='C_k = Ck(1)'!X43 -> 25 | N44: ='C_k = Ck(1)'!Y43 -> 0 | O44: ='C_k = Ck(1)'!Z43 -> 9.76868
D45: PM | E45: ='C_k = Ck(1)'!X44 -> 24 | F45: ='C_k = Ck(1)'!Y44 -> 0.1509434 | G45: ='C_k = Ck(1)'!Z44 -> 172.24048 | I45: ='C_k = Ck(1)'!X45 -> 24 | J45: ='C_k = Ck(1)'!Y45 -> 0.15384615 | K45: ='C_k = Ck(1)'!Z45 -> 220.72556 | M45: ='C_k = Ck(1)'!X46 -> 23 | N45: ='C_k = Ck(1)'!Y46 -> 0.23384615 | O45: ='C_k = Ck(1)'!Z46 -> 351.711
C46: 0.6 | D46: BM | E46: ='C_k = Ck(1)'!X47 -> 25 | F46: ='C_k = Ck(1)'!Y47 -> 0 | G46: ='C_k = Ck(1)'!Z47 -> 0.66764 | I46: ='C_k = Ck(1)'!X48 -> 25 | J46: ='C_k = Ck(1)'!Y48 -> 0 | K46: ='C_k = Ck(1)'!Z48 -> 0.826 | M46: ='C_k = Ck(1)'!X49 -> 25 | N46: ='C_k = Ck(1)'!Y49 -> 0 | O46: ='C_k = Ck(1)'!Z49 -> 0.98808
D47: PB | E47: ='C_k = Ck(1)'!X50 -> 25 | F47: ='C_k = Ck(1)'!Y50 -> 0 | G47: ='C_k = Ck(1)'!Z50 -> 0.4544 | I47: ='C_k = Ck(1)'!X51 -> 25 | J47: ='C_k = Ck(1)'!Y51 -> 0 | K47: ='C_k = Ck(1)'!Z51 -> 0.92084 | M47: ='C_k = Ck(1)'!X52 -> 25 | N47: ='C_k = Ck(1)'!Y52 -> 0 | O47: ='C_k = Ck(1)'!Z52 -> 1.19168
D48: PM | E48: ='C_k = Ck(1)'!X53 -> 24 | F48: ='C_k = Ck(1)'!Y53 -> 0.078431373 | G48: ='C_k = Ck(1)'!Z53 -> 151.09664 | I48: ='C_k = Ck(1)'!X54 -> 24 | J48: ='C_k = Ck(1)'!Y54 -> 0.06779661 | K48: ='C_k = Ck(1)'!Z54 -> 150.71056 | M48: ='C_k = Ck(1)'!X55 -> 23 | N48: ='C_k = Ck(1)'!Y55 -> 0.22164276 | O48: ='C_k = Ck(1)'!Z55 -> 293.18724
C49: 0.9 | D49: BM | E49: ='C_k = Ck(1)'!X56 -> 25 | F49: ='C_k = Ck(1)'!Y56 -> 0 | G49: ='C_k = Ck(1)'!Z56 -> 0.24168 | I49: ='C_k = Ck(1)'!X57 -> 25 | J49: ='C_k = Ck(1)'!Y57 -> 0 | K49: ='C_k = Ck(1)'!Z57 -> 0.24668 | M49: ='C_k = Ck(1)'!X58 -> 25 | N49: ='C_k = Ck(1)'!Y58 -> 0 | O49: ='C_k = Ck(1)'!Z58 -> 0.263
D50: PB | E50: ='C_k = Ck(1)'!X59 -> 25 | F50: ='C_k = Ck(1)'!Y59 -> 0 | G50: ='C_k = Ck(1)'!Z59 -> 0.12564 | I50: ='C_k = Ck(1)'!X60 -> 25 | J50: ='C_k = Ck(1)'!Y60 -> 0 | K50: ='C_k = Ck(1)'!Z60 -> 0.129 | M50: ='C_k = Ck(1)'!X61 -> 25 | N50: ='C_k = Ck(1)'!Y61 -> 0 | O50: ='C_k = Ck(1)'!Z61 -> 0.12968
D51: PM | E51: ='C_k = Ck(1)'!X62 -> 25 | F51: ='C_k = Ck(1)'!Y62 -> 0 | G51: ='C_k = Ck(1)'!Z62 -> 0.90636 | I51: ='C_k = Ck(1)'!X63 -> 25 | J51: ='C_k = Ck(1)'!Y63 -> 0 | K51: ='C_k = Ck(1)'!Z63 -> 0.95092 | M51: ='C_k = Ck(1)'!X64 -> 25 | N51: ='C_k = Ck(1)'!Y64 -> 0 | O51: ='C_k = Ck(1)'!Z64 -> 0.86012
B52: Overall | E52: =SUM(E31:E51) -> 514 | F52: =AVERAGE(F31:F51) -> 0.049321171 | G52: =AVERAGE(G31:G51) -> 79.264491 | I52: =SUM(I31:I51) -> 510 | J52: =AVERAGE(J31:J51) -> 0.07490811 | K52: =AVERAGE(K31:K51) -> 109.48355 | M52: =SUM(M31:M51) -> 505 | N52: =AVERAGE(N31:N51) -> 0.13133756 | O52: =AVERAGE(O31:O51) -> 149.40394
B54: Results for C_k = 1/3\bar{C}_k + 2/3 \underline{C}
B55: Struct. | C55: OS | D55: TD | E55: Configuration K=2 | I55: Configuration K=3 | M55: Configuration K=4
E56: opt | F56: gap(\%) | G56: total time | I56: opt | J56: gap(\%) | K56: total time | M56: opt | N56: gap(\%) | O56: total time
B57: BN | C57: 0.2 | D57: BM | E57: ='C_k = Ck(2)'!X2 -> 25 | F57: ='C_k = Ck(2)'!Y2 -> 0 | G57: ='C_k = Ck(2)'!Z2 -> 0.68996 | I57: ='C_k = Ck(2)'!X3 -> 25 | J57: ='C_k = Ck(2)'!Y3 -> 0 | K57: ='C_k = Ck(2)'!Z3 -> 0.70512 | M57: ='C_k = Ck(2)'!X4 -> 25 | N57: ='C_k = Ck(2)'!Y4 -> 0 | O57: ='C_k = Ck(2)'!Z4 -> 0.7374
D58: PB | E58: ='C_k = Ck(2)'!X5 -> 25 | F58: ='C_k = Ck(2)'!Y5 -> 0 | G58: ='C_k = Ck(2)'!Z5 -> 0.61116 | I58: ='C_k = Ck(2)'!X6 -> 25 | J58: ='C_k = Ck(2)'!Y6 -> 0 | K58: ='C_k = Ck(2)'!Z6 -> 0.67588 | M58: ='C_k = Ck(2)'!X7 -> 23 | N58: ='C_k = Ck(2)'!Y7 -> 0.57142857 | O58: ='C_k = Ck(2)'!Z7 -> 303.1462
D59: PM | E59: ='C_k = Ck(2)'!X8 -> 23 | F59: ='C_k = Ck(2)'!Y8 -> 0.23529412 | G59: ='C_k = Ck(2)'!Z8 -> 301.26616 | I59: ='C_k = Ck(2)'!X9 -> 24 | J59: ='C_k = Ck(2)'!Y9 -> 0.078431373 | K59: ='C_k = Ck(2)'!Z9 -> 177.91764 | M59: ='C_k = Ck(2)'!X10 -> 21 | N59: ='C_k = Ck(2)'!Y10 -> 0.30640852 | O59: ='C_k = Ck(2)'!Z10 -> 595.77712
C60: 0.6 | D60: BM | E60: ='C_k = Ck(2)'!X11 -> 24 | F60: ='C_k = Ck(2)'!Y11 -> 0.18181818 | G60: ='C_k = Ck(2)'!Z11 -> 145.14976 | I60: ='C_k = Ck(2)'!X12 -> 24 | J60: ='C_k = Ck(2)'!Y12 -> 0.18181818 | K60: ='C_k = Ck(2)'!Z12 -> 148.51664 | M60: ='C_k = Ck(2)'!X13 -> 23 | N60: ='C_k = Ck(2)'!Y13 -> 0.52910053 | O60: ='C_k = Ck(2)'!Z13 -> 289.9912
D61: PB | E61: ='C_k = Ck(2)'!X14 -> 25 | F61: ='C_k = Ck(2)'!Y14 -> 0 | G61: ='C_k = Ck(2)'!Z14 -> 0.62636 | I61: ='C_k = Ck(2)'!X15 -> 25 | J61: ='C_k = Ck(2)'!Y15 -> 0 | K61: ='C_k = Ck(2)'!Z15 -> 1.04204 | M61: ='C_k = Ck(2)'!X16 -> 25 | N61: ='C_k = Ck(2)'!Y16 -> 0 | O61: ='C_k = Ck(2)'!Z16 -> 2.32304
D62: PM | E62: ='C_k = Ck(2)'!X17 -> 22 | F62: ='C_k = Ck(2)'!Y17 -> 0.23082615 | G62: ='C_k = Ck(2)'!Z17 -> 434.27952 | I62: ='C_k = Ck(2)'!X18 -> 23 | J62: ='C_k = Ck(2)'!Y18 -> 0.15250545 | K62: ='C_k = Ck(2)'!Z18 -> 294.6866 | M62: ='C_k = Ck(2)'!X19 -> 23 | N62: ='C_k = Ck(2)'!Y19 -> 0.15115865 | O62: ='C_k = Ck(2)'!Z19 -> 316.6084
B63: CH | C63: 0.2 | D63: BM | E63: ='C_k = Ck(2)'!X20 -> 25 | F63: ='C_k = Ck(2)'!Y20 -> 0 | G63: ='C_k = Ck(2)'!Z20 -> 0.8268 | I63: ='C_k = Ck(2)'!X21 -> 25 | J63: ='C_k = Ck(2)'!Y21 -> 0 | K63: ='C_k = Ck(2)'!Z21 -> 0.83244 | M63: ='C_k = Ck(2)'!X22 -> 25 | N63: ='C_k = Ck(2)'!Y22 -> 0 | O63: ='C_k = Ck(2)'!Z22 -> 0.83432
D64: PB | E64: ='C_k = Ck(2)'!X23 -> 25 | F64: ='C_k = Ck(2)'!Y23 -> 0 | G64: ='C_k = Ck(2)'!Z23 -> 0.43964 | I64: ='C_k = Ck(2)'!X24 -> 25 | J64: ='C_k = Ck(2)'!Y24 -> 0 | K64: ='C_k = Ck(2)'!Z24 -> 0.52976 | M64: ='C_k = Ck(2)'!X25 -> 24 | N64: ='C_k = Ck(2)'!Y25 -> 0.28571429 | O64: ='C_k = Ck(2)'!Z25 -> 144.98956
D65: PM | E65: ='C_k = Ck(2)'!X26 -> 21 | F65: ='C_k = Ck(2)'!Y26 -> 0.3184954 | G65: ='C_k = Ck(2)'!Z26 -> 584.33224 | I65: ='C_k = Ck(2)'!X27 -> 21 | J65: ='C_k = Ck(2)'!Y27 -> 0.3184954 | K65: ='C_k = Ck(2)'!Z27 -> 596.274 | M65: ='C_k = Ck(2)'!X28 -> 19 | N65: ='C_k = Ck(2)'!Y28 -> 0.46684705 | O65: ='C_k = Ck(2)'!Z28 -> 883.97268
C66: 0.6 | D66: BM | E66: ='C_k = Ck(2)'!X29 -> 25 | F66: ='C_k = Ck(2)'!Y29 -> 0 | G66: ='C_k = Ck(2)'!Z29 -> 1.00796 | I66: ='C_k = Ck(2)'!X30 -> 25 | J66: ='C_k = Ck(2)'!Y30 -> 0 | K66: ='C_k = Ck(2)'!Z30 -> 47.49972 | M66: ='C_k = Ck(2)'!X31 -> 25 | N66: ='C_k = Ck(2)'!Y31 -> 0 | O66: ='C_k = Ck(2)'!Z31 -> 1.44556
D67: PB | E67: ='C_k = Ck(2)'!X32 -> 25 | F67: ='C_k = Ck(2)'!Y32 -> 0 | G67: ='C_k = Ck(2)'!Z32 -> 0.37152 | I67: ='C_k = Ck(2)'!X33 -> 25 | J67: ='C_k = Ck(2)'!Y33 -> 0 | K67: ='C_k = Ck(2)'!Z33 -> 1.01784 | M67: ='C_k = Ck(2)'!X34 -> 25 | N67: ='C_k = Ck(2)'!Y34 -> 0 | O67: ='C_k = Ck(2)'!Z34 -> 1.13864
D68: PM | E68: ='C_k = Ck(2)'!X35 -> 25 | F68: ='C_k = Ck(2)'!Y35 -> 0 | G68: ='C_k = Ck(2)'!Z35 -> 3.05524 | I68: ='C_k = Ck(2)'!X36 -> 24 | J68: ='C_k = Ck(2)'!Y36 -> 0.14035088 | K68: ='C_k = Ck(2)'!Z36 -> 146.78164 | M68: ='C_k = Ck(2)'!X37 -> 24 | N68: ='C_k = Ck(2)'!Y37 -> 0.14035088 | O68: ='C_k = Ck(2)'!Z37 -> 148.07752
B69: MIXED | C69: 0.2 | D69: BM | E69: ='C_k = Ck(2)'!X38 -> 25 | F69: ='C_k = Ck(2)'!Y38 -> 0 | G69: ='C_k = Ck(2)'!Z38 -> 0.8526 | I69: ='C_k = Ck(2)'!X39 -> 25 | J69: ='C_k = Ck(2)'!Y39 -> 0 | K69: ='C_k = Ck(2)'!Z39 -> 0.79396 | M69: ='C_k = Ck(2)'!X40 -> 25 | N69: ='C_k = Ck(2)'!Y40 -> 0 | O69: ='C_k = Ck(2)'!Z40 -> 0.76028
D70: PB | E70: ='C_k = Ck(2)'!X41 -> 25 | F70: ='C_k = Ck(2)'!Y41 -> 0 | G70: ='C_k = Ck(2)'!Z41 -> 0.80924 | I70: ='C_k = Ck(2)'!X42 -> 25 | J70: ='C_k = Ck(2)'!Y42 -> 0 | K70: ='C_k = Ck(2)'!Z42 -> 0.80028 | M70: ='C_k = Ck(2)'!X43 -> 25 | N70: ='C_k = Ck(2)'!Y43 -> 0 | O70: ='C_k = Ck(2)'!Z43 -> 14.68092
D71: PM | E71: ='C_k = Ck(2)'!X44 -> 23 | F71: ='C_k = Ck(2)'!Y44 -> 0.2309434 | G71: ='C_k = Ck(2)'!Z44 -> 299.82516 | I71: ='C_k = Ck(2)'!X45 -> 25 | J71: ='C_k = Ck(2)'!Y45 -> 0 | K71: ='C_k = Ck(2)'!Z45 -> 99.65184 | M71: ='C_k = Ck(2)'!X46 -> 22 | N71: ='C_k = Ck(2)'!Y46 -> 0.31384615 | O71: ='C_k = Ck(2)'!Z46 -> 434.58908
C72: 0.6 | D72: BM | E72: ='C_k = Ck(2)'!X47 -> 25 | F72: ='C_k = Ck(2)'!Y47 -> 0 | G72: ='C_k = Ck(2)'!Z47 -> 0.68264 | I72: ='C_k = Ck(2)'!X48 -> 25 | J72: ='C_k = Ck(2)'!Y48 -> 0 | K72: ='C_k = Ck(2)'!Z48 -> 0.79836 | M72: ='C_k = Ck(2)'!X49 -> 25 | N72: ='C_k = Ck(2)'!Y49 -> 0 | O72: ='C_k = Ck(2)'!Z49 -> 0.93212
D73: PB | E73: ='C_k = Ck(2)'!X50 -> 25 | F73: ='C_k = Ck(2)'!Y50 -> 0 | G73: ='C_k = Ck(2)'!Z50 -> 0.4732 | I73: ='C_k = Ck(2)'!X51 -> 25 | J73: ='C_k = Ck(2)'!Y51 -> 0 | K73: ='C_k = Ck(2)'!Z51 -> 0.88968 | M73: ='C_k = Ck(2)'!X52 -> 25 | N73: ='C_k = Ck(2)'!Y52 -> 0 | O73: ='C_k = Ck(2)'!Z52 -> 1.21208
D74: PM | E74: ='C_k = Ck(2)'!X53 -> 23 | F74: ='C_k = Ck(2)'!Y53 -> 0.14622798 | G74: ='C_k = Ck(2)'!Z53 -> 294.9194 | I74: ='C_k = Ck(2)'!X54 -> 23 | J74: ='C_k = Ck(2)'!Y54 -> 0.22779661 | K74: ='C_k = Ck(2)'!Z54 -> 294.47772 | M74: ='C_k = Ck(2)'!X55 -> 23 | N74: ='C_k = Ck(2)'!Y55 -> 0.31384615 | O74: ='C_k = Ck(2)'!Z55 -> 293.53084
C75: 0.9 | D75: BM | E75: ='C_k = Ck(2)'!X56 -> 25 | F75: ='C_k = Ck(2)'!Y56 -> 0 | G75: ='C_k = Ck(2)'!Z56 -> 0.23408 | I75: ='C_k = Ck(2)'!X57 -> 25 | J75: ='C_k = Ck(2)'!Y57 -> 0 | K75: ='C_k = Ck(2)'!Z57 -> 0.23864 | M75: ='C_k = Ck(2)'!X58 -> 25 | N75: ='C_k = Ck(2)'!Y58 -> 0 | O75: ='C_k = Ck(2)'!Z58 -> 0.26364
D76: PB | E76: ='C_k = Ck(2)'!X59 -> 25 | F76: ='C_k = Ck(2)'!Y59 -> 0 | G76: ='C_k = Ck(2)'!Z59 -> 0.13344 | I76: ='C_k = Ck(2)'!X60 -> 25 | J76: ='C_k = Ck(2)'!Y60 -> 0 | K76: ='C_k = Ck(2)'!Z60 -> 0.12504 | M76: ='C_k = Ck(2)'!X61 -> 25 | N76: ='C_k = Ck(2)'!Y61 -> 0 | O76: ='C_k = Ck(2)'!Z61 -> 0.1344
D77: PM | E77: ='C_k = Ck(2)'!X62 -> 25 | F77: ='C_k = Ck(2)'!Y62 -> 0 | G77: ='C_k = Ck(2)'!Z62 -> 0.85536 | I77: ='C_k = Ck(2)'!X63 -> 25 | J77: ='C_k = Ck(2)'!Y63 -> 0 | K77: ='C_k = Ck(2)'!Z63 -> 0.90904 | M77: ='C_k = Ck(2)'!X64 -> 25 | N77: ='C_k = Ck(2)'!Y64 -> 0 | O77: ='C_k = Ck(2)'!Z64 -> 0.84092
B78: Overall | E78: =SUM(E57:E77) -> 511 | F78: =AVERAGE(F57:F77) -> 0.063981201 | G78: =AVERAGE(G57:G77) -> 98.640069 | I78: =SUM(I57:I77) -> 514 | J78: =AVERAGE(J57:J77) -> 0.05235228 | K78: =AVERAGE(K57:K77) -> 86.436375 | M78: =SUM(M57:M77) -> 502 | N78: =AVERAGE(N57:N77) -> 0.1466048 | O78: =AVERAGE(O57:O77) -> 163.61838

Sheet Classical benchmark
A1: Problems and optimal solutions
A2: Precedence graph | B2: c | C2: m* | D2: time (total) | E2: time (LB)
A3: Arcus1 | B3: 3786 | C3: 41 | D3: 0.089 | E3: 0.031 | G3: Instances | H3: n | I3: |E| | J3: #I | K3: time BPC | L3: time BBR | M3: time B&B | N3: opt B&B
A4: Arcus1 | B4: 3985 | C4: 41 | D4: 0.061 | E4: 0.022 | G4: Arcus1 | H4: 83 | I4: 113 | J4: 16 | K4: =AVERAGE(D3:D18) -> 0.0289375 | L4: 0.22 | M4: 5.69 | N4: 16
A5: Arcus1 | B5: 4206 | C5: 41 | D5: 0.048 | E5: 0.021 | G5: Arcus2 | H5: 111 | I5: 176 | J5: 17 | K5: =AVERAGE(D19:D35) -> 0.43141176 | L5: 7.14 | M5: 211.49 | N5: 17
A6: Arcus1 | B6: 4454 | C6: 41 | D6: 0.03 | E6: 0.021 | G6: Barthold | H6: 148 | I6: 175 | J6: 8 | K6: =AVERAGE(D63:D70) -> 0.526125 | L6: 90.66 | M6: 4.41 | N6: 8
A7: Arcus1 | B7: 4732 | C7: 41 | D7: 0.021 | E7: 0.021 | G7: Barthold2 | H7: 148 | I7: 175 | J7: 27 | K7: =AVERAGE(D36:D62) -> 2.4512222 | L7: 29.66 | M7: 575.35 | N7: 25
A8: Arcus1 | B8: 5048 | C8: 41 | D8: 0.022 | E8: 0.021 | G8: Bowman | H8: 8 | I8: 8 | J8: 1 | K8: =AVERAGE(D71) -> 0.001 | L8: 0 | M8: 0.05 | N8: 1
A9: Arcus1 | B9: 5408 | C9: 41 | D9: 0.02 | E9: 0.02 | G9: Buxey | H9: 29 | I9: 36 | J9: 7 | K9: =AVERAGE(D72:D78) -> 0.0018571429 | L9: 0.03 | M9: 171.94 | N9: 7
A10: Arcus1 | B10: 5824 | C10: 41 | D10: 0.02 | E10: 0.02 | G10: Gunther | H10: 35 | I10: 45 | J10: 7 | K10: =AVERAGE(D79:D85) -> 0.0012857143 | L10: 0 | M10: 114.83 | N10: 7
A11: Arcus1 | B11: 5853 | C11: 41 | D11: 0.02 | E11: 0.02 | G11: Hahn | H11: 53 | I11: 82 | J11: 5 | K11: =AVERAGE(D86:D90) -> 0.006 | L11: 0.02 | M11: 0.22 | N11: 5
A12: Arcus1 | B12: 6309 | C12: 41 | D12: 0.02 | E12: 0.02 | G12: Heskiaoff | H12: 28 | I12: 39 | J12: 6 | K12: =AVERAGE(D91:D96) -> 0.0013333333 | L12: 0.05 | M12: 0.22 | N12: 6
A13: Arcus1 | B13: 6842 | C13: 41 | D13: 0.02 | E13: 0.02 | G13: Jackson | H13: 11 | I13: 13 | J13: 6 | K13: =AVERAGE(D97:D102) -> 0.001 | L13: 0 | M13: 0.06 | N13: 6
A14: Arcus1 | B14: 6883 | C14: 41 | D14: 0.019 | E14: 0.019 | G14: Jaeschke | H14: 9 | I14: 11 | J14: 5 | K14: =AVERAGE(D103:D107) -> 0.001 | L14: 0 | M14: 0.03 | N14: 5
A15: Arcus1 | B15: 7571 | C15: 41 | D15: 0.019 | E15: 0.019 | G15: Kilbridge | H15: 45 | I15: 62 | J15: 10 | K15: =AVERAGE(D108:D117) -> 0.0052 | L15: 0.04 | M15: 0.58 | N15: 10
A16: Arcus1 | B16: 8412 | C16: 41 | D16: 0.018 | E16: 0.018 | G16: Lutz1 | H16: 32 | I16: 38 | J16: 6 | K16: =AVERAGE(D118:D123) -> 0.0018333333 | L16: 0 | M16: 0.13 | N16: 6
A17: Arcus1 | B17: 8898 | C17: 41 | D17: 0.019 | E17: 0.019 | G17: Lutz2 | H17: 89 | I17: 118 | J17: 11 | K17: =AVERAGE(D124:D134) -> 0.32118182 | L17: 0.22 | M17: 106.99 | N17: 11
A18: Arcus1 | B18: 10816 | C18: 41 | D18: 0.017 | E18: 0.017 | G18: Lutz3 | H18: 89 | I18: 118 | J18: 12 | K18: =AVERAGE(D135:D146) -> 0.018916667 | L18: 0.03 | M18: 1.66 | N18: 12
A19: Arcus2 | B19: 5755 | C19: 31 | D19: 0.371 | E19: 0.025 | G19: Mansoor | H19: 11 | I19: 11 | J19: 3 | K19: =AVERAGE(D147:D149) -> 0.001 | L19: 0 | M19: 0.08 | N19: 3
A20: Arcus2 | B20: 5785 | C20: 31 | D20: 0.373 | E20: 0.024 | G20: Mertens | H20: 7 | I20: 6 | J20: 6 | K20: =AVERAGE(D150:D155) -> 0.00066666667 | L20: 0 | M20: 0.03 | N20: 6
A21: Arcus2 | B21: 6016 | C21: 30 | D21: 0.351 | E21: 0.024 | G21: Mitchell | H21: 21 | I21: 27 | J21: 6 | K21: =AVERAGE(D156:D161) -> 0.00083333333 | L21: 0 | M21: 0.13 | N21: 6
A22: Arcus2 | B22: 6267 | C22: 29 | D22: 1.584 | E22: 0.024 | G22: Mukherje | H22: 94 | I22: 181 | J22: 13 | K22: =AVERAGE(D162:D174) -> 20.371769 | L22: 5.61 | M22: 76.92 | N22: 13
A23: Arcus2 | B23: 6540 | C23: 29 | D23: 1.285 | E23: 0.03 | G23: Roszieg | H23: 25 | I23: 32 | J23: 6 | K23: =AVERAGE(D175:D180) -> 0.0011666667 | L23: 0 | M23: 66.86 | N23: 6
A24: Arcus2 | B24: 6837 | C24: 29 | D24: 1.121 | E24: 0.026 | G24: Sawyer | H24: 30 | I24: 32 | J24: 9 | K24: =AVERAGE(D181:D189) -> 0.0017777778 | L24: 0.07 | M24: 134.48 | N24: 9
A25: Arcus2 | B25: 7162 | C25: 27 | D25: 0.355 | E25: 0.025 | G25: Scholl | H25: 297 | I25: 423 | J25: 26 | K25: =AVERAGE(D190:D215) -> 2.8938077 | L25: 40.26 | M25: 114.39 | N25: 26
A26: Arcus2 | B26: 7520 | C26: 27 | D26: 0.278 | E26: 0.024 | G26: Tonge | H26: 70 | I26: 86 | J26: 16 | K26: =AVERAGE(D216:D231) -> 0.0834375 | L26: 0.1 | M26: 15.74 | N26: 16
A27: Arcus2 | B27: 7916 | C27: 27 | D27: 0.909 | E27: 0.025 | G27: Warnecke | H27: 58 | I27: 70 | J27: 16 | K27: =AVERAGE(D232:D247) -> 0.20075 | L27: 0.26 | M27: 870.38 | N27: 15
A28: Arcus2 | B28: 8356 | C28: 26 | D28: 0.218 | E28: 0.026 | G28: Wee-Mag | H28: 75 | I28: 24 | J28: 24 | K28: =AVERAGE(D248:D271) -> 0.21675 | L28: 2.25 | M28: 2.24 | N28: 24
A29: Arcus2 | B29: 8847 | C29: 26 | D29: 0.156 | E29: 0.027 | G29: Overall | J29: =SUM(J4:J28) -> 269 | K29: =AVERAGE(D3:D271) -> 1.6057249 | L29: 10.94 | M29: 157.2 | N29: =SUM(N4:N28) -> 266
A30: Arcus2 | B30: 9400 | C30: 26 | D30: 0.16 | E30: 0.025
A31: Arcus2 | B31: 10027 | C31: 26 | D31: 0.049 | E31: 0.025
A32: Arcus2 | B32: 10743 | C32: 26 | D32: 0.03 | E32: 0.024
A33: Arcus2 | B33: 11378 | C33: 26 | D33: 0.043 | E33: 0.04
A34: Arcus2 | B34: 11570 | C34: 26 | D34: 0.027 | E34: 0.025
A35: Arcus2 | B35: 17067 | C35: 26 | D35: 0.024 | E35: 0.024
A36: Barthol2 | B36: 84 | C36: 51 | D36: 1.196 | E36: 0.033
A37: Barthol2 | B37: 85 | C37: 50 | D37: 10.85 | E37: 0.032
A38: Barthol2 | B38: 87 | C38: 49 | D38: 1.343 | E38: 0.033
A39: Barthol2 | B39: 89 | C39: 48 | D39: 1.372 | E39: 0.035
A40: Barthol2 | B40: 91 | C40: 47 | D40: 1.313 | E40: 0.033
A41: Barthol2 | B41: 93 | C41: 46 | D41: 1.328 | E41: 0.032
... A271: Wee-mag | B271: 56 | C271: 31 | D271: 0.475 | E271: 0.003

Sheet Otto benchmark
A1: 0 | B1: TD | C1: OS | D1: instances | E1: UB | F1: LB | G1: opt | H1: gap | I1: totalTime | J1: LBTime | K1: initTime | L1: pricingTime | M1: separateCPTime | N1: separateTCTime | O1: totalColNum | P1: CPcutNum | Q1: TCcutNum | R1: maxBBTreeDepth | S1: numNodeExplored
A2: 0 | B2: BM | C2: 0.2 | D2: 1 | E2: 23 | F2: 23 | G2: =IF(E2=F2,1,0) -> 1 | H2: =(E2-F2)/F2*100 -> 0 | I2: 0.599 | J2: 0.027 | K2: 0.572 | L2: 0 | M2: 0 | N2: 0 | O2: 0 | P2: 0 | Q2: 0 | R2: 0 | S2: 0 | U2: Struct. | V2: OS | W2: TD | X2: opt BPC | Y2: opt BBR | Z2: gap BPC | AA2: gap BBR | AB2: time BPC | AC2: time BBR
A3: 0 | B3: BM | C3: 0.2 | D3: 2 | E3: 21 | F3: 21 | G3: =IF(E3=F3,1,0) -> 1 | H3: =(E3-F3)/F3*100 -> 0 | I3: 0.574 | J3: 0.015 | K3: 0.559 | L3: 0 | M3: 0 | N3: 0 | O3: 0 | P3: 0 | Q3: 0 | R3: 0 | S3: 0 | U3: BN | V3: 0.2 | W3: BM | X3: =SUM(G2:G26) -> 25 | Y3: 25 | Z3: =AVERAGE(H2:H26) -> 0 | AA3: 0 | AB3: =AVERAGE(I2:I26) -> 0.59472 | AC3: 7.92
A4: 0 | B4: BM | C4: 0.2 | D4: 3 | E4: 20 | F4: 20 | G4: =IF(E4=F4,1,0) -> 1 | H4: =(E4-F4)/F4*100 -> 0 | I4: 0.438 | J4: 0.017 | K4: 0.421 | L4: 0 | M4: 0 | N4: 0 | O4: 0 | P4: 0 | Q4: 0 | R4: 0 | S4: 0 | W4: PB | X4: =SUM(G27:G51) -> 25 | Y4: 25 | Z4: =AVERAGE(H27:H51) -> 0 | AA4: 0 | AB4: =AVERAGE(I27:I51) -> 0.35476 | AC4: 7.54
A5: 0 | B5: BM | C5: 0.2 | D5: 4 | E5: 24 | F5: 24 | G5: =IF(E5=F5,1,0) -> 1 | H5: =(E5-F5)/F5*100 -> 0 | I5: 0.542 | J5: 0.018 | K5: 0.524 | L5: 0 | M5: 0 | N5: 0 | O5: 0 | P5: 0 | Q5: 0 | R5: 0 | S5: 0 | W5: PM | X5: =SUM(G52:G76) -> 23 | Y5: 16 | Z5: =AVERAGE(H52:H76) -> 0.15686275 | AA5: 0.74 | AB5: =AVERAGE(I52:I76) -> 293.12908 | AC5: 2768.85
A6: 0 | B6: BM | C6: 0.2 | D6: 5 | E6: 22 | F6: 22 | G6: =IF(E6=F6,1,0) -> 1 | H6: =(E6-F6)/F6*100 -> 0 | I6: 0.498 | J6: 0.017 | K6: 0.481 | L6: 0 | M6: 0 | N6: 0 | O6: 0 | P6: 0 | Q6: 0 | R6: 0 | S6: 0 | V6: 0.6 | W6: BM | X6: =SUM(G77:G101) -> 24 | Y6: 25 | Z6: =AVERAGE(H77:H101) -> 0.18181818 | AA6: 0 | AB6: =AVERAGE(I77:I101) -> 144.86004 | AC6: 29.72
A7: 0 | B7: BM | C7: 0.2 | D7: 6 | E7: 22 | F7: 22 | G7: =IF(E7=F7,1,0) -> 1 | H7: =(E7-F7)/F7*100 -> 0 | I7: 0.623 | J7: 0.017 | K7: 0.606 | L7: 0 | M7: 0 | N7: 0 | O7: 0 | P7: 0 | Q7: 0 | R7: 0 | S7: 0 | W7: PB | X7: =SUM(G102:G126) -> 25 | Y7: 25 | Z7: =AVERAGE(H102:H126) -> 0 | AA7: 0 | AB7: =AVERAGE(I102:I126) -> 0.13908 | AC7: 2.29
A8: 0 | B8: BM | C8: 0.2 | D8: 7 | E8: 26 | F8: 26 | G8: =IF(E8=F8,1,0) -> 1 | H8: =(E8-F8)/F8*100 -> 0 | I8: 0.494 | J8: 0.016 | K8: 0.478 | L8: 0 | M8: 0 | N8: 0 | O8: 0 | P8: 0 | Q8: 0 | R8: 0 | S8: 0 | W8: PM | X8: =SUM(G127:G151) -> 24 | Y8: 25 | Z8: =AVERAGE(H127:H151) -> 0.078431373 | AA8: 0 | AB8: =AVERAGE(I127:I151) -> 145.64512 | AC8: 68.38
A9: 0 | B9: BM | C9: 0.2 | D9: 8 | E9: 24 | F9: 24 | G9: =IF(E9=F9,1,0) -> 1 | H9: =(E9-F9)/F9*100 -> 0 | I9: 0.507 | J9: 0.017 | K9: 0.49 | L9: 0 | M9: 0 | N9: 0 | O9: 0 | P9: 0 | Q9: 0 | R9: 0 | S9: 0 | U9: CH | V9: 0.2 | W9: BM | X9: =SUM(G152:G176) -> 25 | Y9: 25 | Z9: =AVERAGE(H152:H176) -> 0 | AA9: 0 | AB9: =AVERAGE(I152:I176) -> 0.69992 | AC9: 5.09
A10: 0 | B10: BM | C10: 0.2 | D10: 9 | E10: 23 | F10: 23 | G10: =IF(E10=F10,1,0) -> 1 | H10: =(E10-F10)/F10*100 -> 0 | I10: 0.537 | J10: 0.018 | K10: 0.519 | L10: 0 | M10: 0 | N10: 0 | O10: 0 | P10: 0 | Q10: 0 | R10: 0 | S10: 0 | W10: PB | X10: =SUM(G177:G201) -> 25 | Y10: 25 | Z10: =AVERAGE(H177:H201) -> 0 | AA10: 0 | AB10: =AVERAGE(I177:I201) -> 0.27628 | AC10: 5.42
A11: 0 | B11: BM | C11: 0.2 | D11: 10 | E11: 22 | F11: 22 | G11: =IF(E11=F11,1,0) -> 1 | H11: =(E11-F11)/F11*100 -> 0 | I11: 0.443 | J11: 0.016 | K11: 0.427 | L11: 0 | M11: 0 | N11: 0 | O11: 0 | P11: 0 | Q11: 0 | R11: 0 | S11: 0 | W11: PM | X11: =SUM(G202:G226) -> 23 | Y11: 18 | Z11: =AVERAGE(H202:H226) -> 0.15843137 | AA11: 0.54 | AB11: =AVERAGE(I202:I226) -> 305.39436 | AC11: 2582.75
A12: 0 | B12: BM | C12: 0.2 | D12: 11 | E12: 24 | F12: 24 | G12: =IF(E12=F12,1,0) -> 1 | H12: =(E12-F12)/F12*100 -> 0 | I12: 0.666 | J12: 0.017 | K12: 0.649 | L12: 0 | M12: 0 | N12: 0 | O12: 0 | P12: 0 | Q12: 0 | R12: 0 | S12: 0 | V12: 0.6 | W12: BM | X12: =SUM(G227:G251) -> 25 | Y12: 25 | Z12: =AVERAGE(H227:H251) -> 0 | AA12: 0 | AB12: =AVERAGE(I227:I251) -> 0.6276 | AC12: 1.39
A13: 0 | B13: BM | C13: 0.2 | D13: 12 | E13: 25 | F13: 25 | G13: =IF(E13=F13,1,0) -> 1 | H13: =(E13-F13)/F13*100 -> 0 | I13: 0.73 | J13: 0.024 | K13: 0.706 | L13: 0 | M13: 0 | N13: 0 | O13: 0 | P13: 0 | Q13: 0 | R13: 0 | S13: 0 | W13: PB | X13: =SUM(G252:G276) -> 25 | Y13: 25 | Z13: =AVERAGE(H252:H276) -> 0 | AA13: 0 | AB13: =AVERAGE(I252:I276) -> 0.09524 | AC13: 0.52
A14: 0 | B14: BM | C14: 0.2 | D14: 13 | E14: 24 | F14: 24 | G14: =IF(E14=F14,1,0) -> 1 | H14: =(E14-F14)/F14*100 -> 0 | I14: 0.611 | J14: 0.024 | K14: 0.587 | L14: 0 | M14: 0 | N14: 0 | O14: 0 | P14: 0 | Q14: 0 | R14: 0 | S14: 0 | W14: PM | X14: =SUM(G277:G301) -> 24 | Y14: 25 | Z14: =AVERAGE(H277:H301) -> 0.068965517 | AA14: 0 | AB14: =AVERAGE(I277:I301) -> 145.825 | AC14: 34.83
A15: 0 | B15: BM | C15: 0.2 | D15: 14 | E15: 21 | F15: 21 | G15: =IF(E15=F15,1,0) -> 1 | H15: =(E15-F15)/F15*100 -> 0 | I15: 0.538 | J15: 0.025 | K15: 0.513 | L15: 0 | M15: 0 | N15: 0 | O15: 0 | P15: 0 | Q15: 0 | R15: 0 | S15: 0 | U15: MIXED | V15: 0.2 | W15: BM | X15: =SUM(G302:G326) -> 25 | Y15: 25 | Z15: =AVERAGE(H302:H326) -> 0 | AA15: 0 | AB15: =AVERAGE(I302:I326) -> 0.78948 | AC15: 9.08
A16: 0 | B16: BM | C16: 0.2 | D16: 15 | E16: 24 | F16: 24 | G16: =IF(E16=F16,1,0) -> 1 | H16: =(E16-F16)/F16*100 -> 0 | I16: 0.662 | J16: 0.026 | K16: 0.636 | L16: 0 | M16: 0 | N16: 0 | O16: 0 | P16: 0 | Q16: 0 | R16: 0 | S16: 0 | W16: PB | X16: =SUM(G327:G351) -> 25 | Y16: 25 | Z16: =AVERAGE(H327:H351) -> 0 | AA16: 0 | AB16: =AVERAGE(I327:I351) -> 0.443 | AC16: 6.64
A17: 0 | B17: BM | C17: 0.2 | D17: 16 | E17: 23 | F17: 23 | G17: =IF(E17=F17,1,0) -> 1 | H17: =(E17-F17)/F17*100 -> 0 | I17: 0.638 | J17: 0.028 | K17: 0.61 | L17: 0 | M17: 0 | N17: 0 | O17: 0 | P17: 0 | Q17: 0 | R17: 0 | S17: 0 | W17: PM | X17: =SUM(G352:G376) -> 25 | Y17: 18 | Z17: =AVERAGE(H352:H376) -> 0 | AA17: 0.66 | AB17: =AVERAGE(I352:I376) -> 18.3946 | AC17: 2312.61
A18: 0 | B18: BM | C18: 0.2 | D18: 17 | E18: 21 | F18: 21 | G18: =IF(E18=F18,1,0) -> 1 | H18: =(E18-F18)/F18*100 -> 0 | I18: 0.666 | J18: 0.023 | K18: 0.643 | L18: 0 | M18: 0 | N18: 0 | O18: 0 | P18: 0 | Q18: 0 | R18: 0 | S18: 0 | V18: 0.6 | W18: BM | X18: =SUM(G377:G401) -> 25 | Y18: 25 | Z18: =AVERAGE(H377:H401) -> 0 | AA18: 0 | AB18: =AVERAGE(I377:I401) -> 0.41744 | AC18: 1.58
A19: 0 | B19: BM | C19: 0.2 | D19: 18 | E19: 20 | F19: 20 | G19: =IF(E19=F19,1,0) -> 1 | H19: =(E19-F19)/F19*100 -> 0 | I19: 0.534 | J19: 0.018 | K19: 0.516 | L19: 0 | M19: 0 | N19: 0 | O19: 0 | P19: 0 | Q19: 0 | R19: 0 | S19: 0 | W19: PB | X19: =SUM(G402:G426) -> 25 | Y19: 25 | Z19: =AVERAGE(H402:H426) -> 0 | AA19: 0 | AB19: =AVERAGE(I402:I426) -> 0.09936 | AC19: 0.56
A20: 0 | B20: BM | C20: 0.2 | D20: 19 | E20: 23 | F20: 23 | G20: =IF(E20=F20,1,0) -> 1 | H20: =(E20-F20)/F20*100 -> 0 | I20: 0.573 | J20: 0.018 | K20: 0.555 | L20: 0 | M20: 0 | N20: 0 | O20: 0 | P20: 0 | Q20: 0 | R20: 0 | S20: 0 | W20: PM | X20: =SUM(G427:G451) -> 24 | Y20: 25 | Z20: =AVERAGE(H427:H451) -> 0.06779661 | AA20: 0 | AB20: =AVERAGE(I427:I451) -> 147.45496 | AC20: 48.32
A21: 0 | B21: BM | C21: 0.2 | D21: 20 | E21: 21 | F21: 21 | G21: =IF(E21=F21,1,0) -> 1 | H21: =(E21-F21)/F21*100 -> 0 | I21: 0.472 | J21: 0.016 | K21: 0.456 | L21: 0 | M21: 0 | N21: 0 | O21: 0 | P21: 0 | Q21: 0 | R21: 0 | S21: 0 | V21: 0.9 | W21: BM | X21: =SUM(G452:G476) -> 25 | Y21: 25 | Z21: =AVERAGE(H452:H476) -> 0 | AA21: 0 | AB21: =AVERAGE(I452:I476) -> 0.10036 | AC21: 0.08
A22: 0 | B22: BM | C22: 0.2 | D22: 21 | E22: 21 | F22: 21 | G22: =IF(E22=F22,1,0) -> 1 | H22: =(E22-F22)/F22*100 -> 0 | I22: 0.776 | J22: 0.025 | K22: 0.751 | L22: 0 | M22: 0 | N22: 0 | O22: 0 | P22: 0 | Q22: 0 | R22: 0 | S22: 0 | W22: PB | X22: =SUM(G477:G501) -> 25 | Y22: 25 | Z22: =AVERAGE(H477:H501) -> 0 | AA22: 0 | AB22: =AVERAGE(I477:I501) -> 0.06196 | AC22: 0.04
A23: 0 | B23: BM | C23: 0.2 | D23: 22 | E23: 24 | F23: 24 | G23: =IF(E23=F23,1,0) -> 1 | H23: =(E23-F23)/F23*100 -> 0 | I23: 0.721 | J23: 0.023 | K23: 0.698 | L23: 0 | M23: 0 | N23: 0 | O23: 0 | P23: 0 | Q23: 0 | R23: 0 | S23: 0 | W23: PM | X23: =SUM(G502:G526) -> 25 | Y23: 25 | Z23: =AVERAGE(H502:H526) -> 0 | AA23: 0 | AB23: =AVERAGE(I502:I526) -> 0.4416 | AC23: 0.32
A24: 0 | B24: BM | C24: 0.2 | D24: 23 | E24: 24 | F24: 24 | G24: =IF(E24=F24,1,0) -> 1 | H24: =(E24-F24)/F24*100 -> 0 | I24: 0.638 | J24: 0.028 | K24: 0.61 | L24: 0 | M24: 0 | N24: 0 | O24: 0 | P24: 0 | Q24: 0 | R24: 0 | S24: 0 | U24: Overall | X24: =SUM(X3:X23) -> 517 | Y24: =SUM(Y3:Y23) -> 502 | Z24: =AVERAGE(Z3:Z23) -> 0.033919324 | AA24: =AVERAGE(AA3:AA23) -> 0.092380952 | AB24: =AVERAGE(AB3:AB23) -> 57.421141 | AC24: =AVERAGE(AC3:AC23) -> 375.90143
A25: 1 | B25: BM | C25: 0.2 | D25: 24 | E25: 24 | F25: 24 | G25: =IF(E25=F25,1,0) -> 1 | H25: =(E25-F25)/F25*100 -> 0 | I25: 0.702 | J25: 0.024 | K25: 0.678 | L25: 0 | M25: 0 | N25: 0 | O25: 0 | P25: 0 | Q25: 0 | R25: 0 | S25: 0
A26: 0 | B26: BM | C26: 0.2 | D26: 25 | E26: 22 | F26: 22 | G26: =IF(E26=F26,1,0) -> 1 | H26: =(E26-F26)/F26*100 -> 0 | I26: 0.686 | J26: 0.023 | K26: 0.663 | L26: 0 | M26: 0 | N26: 0 | O26: 0 | P26: 0 | Q26: 0 | R26: 0 | S26: 0
A27: 0 | B27: PB | C27: 0.2 | D27: 26 | E27: 14 | F27: 14 | G27: =IF(E27=F27,1,0) -> 1 | H27: =(E27-F27)/F27*100 -> 0 | I27: 0.432 | J27: 0.022 | K27: 0.41 | L27: 0 | M27: 0 | N27: 0 | O27: 0 | P27: 0 | Q27: 0 | R27: 0 | S27: 0
A28: 0 | B28: PB | C28: 0.2 | D28: 27 | E28: 14 | F28: 14 | G28: =IF(E28=F28,1,0) -> 1 | H28: =(E28-F28)/F28*100 -> 0 | I28: 0.325 | J28: 0.021 | K28: 0.304 | L28: 0 | M28: 0 | N28: 0 | O28: 0 | P28: 0 | Q28: 0 | R28: 0 | S28: 0
A29: 0 | B29: PB | C29: 0.2 | D29: 28 | E29: 15 | F29: 15 | G29: =IF(E29=F29,1,0) -> 1 | H29: =(E29-F29)/F29*100 -> 0 | I29: 0.347 | J29: 0.02 | K29: 0.327 | L29: 0 | M29: 0 | N29: 0 | O29: 0 | P29: 0 | Q29: 0 | R29: 0 | S29: 0
A30: 0 | B30: PB | C30: 0.2 | D30: 29 | E30: 14 | F30: 14 | G30: =IF(E30=F30,1,0) -> 1 | H30: =(E30-F30)/F30*100 -> 0 | I30: 0.498 | J30: 0.019 | K30: 0.479 | L30: 0 | M30: 0 | N30: 0 | O30: 0 | P30: 0 | Q30: 0 | R30: 0 | S30: 0
A31: 0 | B31: PB | C31: 0.2 | D31: 30 | E31: 15 | F31: 15 | G31: =IF(E31=F31,1,0) -> 1 | H31: =(E31-F31)/F31*100 -> 0 | I31: 0.3 | J31: 0.014 | K31: 0.286 | L31: 0 | M31: 0 | N31: 0 | O31: 0 | P31: 0 | Q31: 0 | R31: 0 | S31: 0
A32: 0 | B32: PB | C32: 0.2 | D32: 31 | E32: 14 | F32: 14 | G32: =IF(E32=F32,1,0) -> 1 | H32: =(E32-F32)/F32*100 -> 0 | I32: 0.232 | J32: 0.015 | K32: 0.217 | L32: 0 | M32: 0 | N32: 0 | O32: 0 | P32: 0 | Q32: 0 | R32: 0 | S32: 0
A33: 0 | B33: PB | C33: 0.2 | D33: 32 | E33: 14 | F33: 14 | G33: =IF(E33=F33,1,0) -> 1 | H33: =(E33-F33)/F33*100 -> 0 | I33: 0.28 | J33: 0.014 | K33: 0.266 | L33: 0 | M33: 0 | N33: 0 | O33: 0 | P33: 0 | Q33: 0 | R33: 0 | S33: 0
A34: 0 | B34: PB | C34: 0.2 | D34: 33 | E34: 15 | F34: 15 | G34: =IF(E34=F34,1,0) -> 1 | H34: =(E34-F34)/F34*100 -> 0 | I34: 0.311 | J34: 0.013 | K34: 0.298 | L34: 0 | M34: 0 | N34: 0 | O34: 0 | P34: 0 | Q34: 0 | R34: 0 | S34: 0
A35: 0 | B35: PB | C35: 0.2 | D35: 34 | E35: 15 | F35: 15 | G35: =IF(E35=F35,1,0) -> 1 | H35: =(E35-F35)/F35*100 -> 0 | I35: 0.305 | J35: 0.014 | K35: 0.291 | L35: 0 | M35: 0 | N35: 0 | O35: 0 | P35: 0 | Q35: 0 | R35: 0 | S35: 0
A36: 0 | B36: PB | C36: 0.2 | D36: 35 | E36: 16 | F36: 16 | G36: =IF(E36=F36,1,0) -> 1 | H36: =(E36-F36)/F36*100 -> 0 | I36: 0.327 | J36: 0.014 | K36: 0.313 | L36: 0 | M36: 0 | N36: 0 | O36: 0 | P36: 0 | Q36: 0 | R36: 0 | S36: 0
... A525: 1 | B525: PM | C525: 0.9 | D525: 524 | E525: 65 | F525: 65 | G525: =IF(E525=F525,1,0) -> 1 | H525: =(E525-F525)/F525*100 -> 0 | I525: 0.05 | J525: 0.043 | K525: 0.007 | L525: 0 | M525: 0 | N525: 0 | O525: 0 | P525: 0 | Q525: 0 | R525: 0 | S525: 0
B526: PM | C526: 0.9 | D526: 525 | E526: 66 | F526: 66 | G526: =IF(E526=F526,1,0) -> 1 | H526: =(E526-F526)/F526*100 -> 0 | I526: 1.007 | J526: 0.043 | K526: 0.964 | L526: 0 | M526: 0 | N526: 0 | O526: 0 | P526: 0 | Q526: 0 | R526: 0 | S526: 0

Sheet C_k = bar{C}_k
B1: TD | C1: OS | D1: configuration | E1: instances | F1: UB | G1: LB | H1: opt | I1: gap | J1: totalTime | K1: LBTime | L1: initTime | M1: pricingTime | N1: separateCPTime | O1: separateTCTime | P1: totalColNum | Q1: CPcutNum | R1: TCcutNum | S1: maxBBTreeDepth | T1: numNodeExplored | U1: feasibility | W1: config | X1: opt | Y1: gap | Z1: total time | AA1: initial time | AB1: pricing time | AC1: separation_time | AD1: column_num | AE1: cut_num | AF1: num_node
A2: 0 | B2: BM | C2: 0.2 | D2: 2 | E2: 1 | F2: 23 | G2: 23 | H2: =IF(F2=G2,1,0) -> 1 | I2: =(F2-G2)/G2*100 -> 0 | J2: 0.569 | K2: 0.031 | L2: 0.538 | M2: 0 | N2: 0 | O2: 0 | P2: 0 | Q2: 0 | R2: 0 | S2: 0 | T2: 0 | U2: 1 | W2: 2 | X2: =SUMPRODUCT((MOD(ROW(H2:H76),3)=2)*H2:H76) -> 25 | Y2: =SUMPRODUCT((MOD(ROW(I2:I76),3)=2)*I2:I76)/25 -> 0 | Z2: =SUMPRODUCT((MOD(ROW(J2:J76),3)=2)*J2:J76)/25 -> 0.65036 | AA2: =SUMPRODUCT((MOD(ROW(L2:L76),3)=2)*L2:L76)/25 -> 0.62624 | AB2: =SUMPRODUCT((MOD(ROW(M2:M76),3)=2)*M2:M76)/25 -> 0 | AC2: =SUMPRODUCT((MOD(ROW(N2:N76),3)=2)*N2:N76)/25 -> 0 | AD2: =SUMPRODUCT((MOD(ROW(P2:P76),3)=2)*P2:P76)/25 -> 0 | AE2: =SUMPRODUCT((MOD(ROW(Q2:Q76),3)=2)*Q2:Q76)/25 -> 0 | AF2: =SUMPRODUCT((MOD(ROW(T2:T76),3)=2)*T2:T76)/25 -> 0
A3: 0 | B3: BM | C3: 0.2 | D3: 3 | E3: 1 | F3: 23 | G3: 23 | H3: =IF(F3=G3,1,0) -> 1 | I3: =(F3-G3)/G3*100 -> 0 | J3: 0.568 | K3: 0.017 | L3: 0.551 | M3: 0 | N3: 0 | O3: 0 | P3: 0 | Q3: 0 | R3: 0 | S3: 0 | T3: 0 | U3: 1 | W3: 3 | X3: =SUMPRODUCT((MOD(ROW(H2:H76),3)=0)*H2:H76) -> 25 | Y3: =SUMPRODUCT((MOD(ROW(I2:I76),3)=0)*I2:I76)/25 -> 0 | Z3: =SUMPRODUCT((MOD(ROW(J2:J76),3)=0)*J2:J76)/25 -> 0.66044 | AA3: =SUMPRODUCT((MOD(ROW(L2:L76),3)=0)*L2:L76)/25 -> 0.637 | AB3: =SUMPRODUCT((MOD(ROW(M2:M76),3)=0)*M2:M76)/25 -> 0 | AC3: =SUMPRODUCT((MOD(ROW(N2:N76),3)=0)*N2:N76)/25 -> 0 | AD3: =SUMPRODUCT((MOD(ROW(P2:P76),3)=0)*P2:P76)/25 -> 0 | AE3: =SUMPRODUCT((MOD(ROW(Q2:Q76),3)=0)*Q2:Q76)/25 -> 0 | AF3: =SUMPRODUCT((MOD(ROW(T2:T76),3)=0)*T2:T76)/25 -> 0
A4: 0 | B4: BM | C4: 0.2 | D4: 4 | E4: 1 | F4: 23 | G4: 23 | H4: =IF(F4=G4,1,0) -> 1 | I4: =(F4-G4)/G4*100 -> 0 | J4: 0.534 | K4: 0.016 | L4: 0.518 | M4: 0 | N4: 0 | O4: 0 | P4: 0 | Q4: 0 | R4: 0 | S4: 0 | T4: 0 | U4: 1 | W4: 4 | X4: =SUMPRODUCT((MOD(ROW(H2:H76),3)=1)*H2:H76) -> 25 | Y4: =SUMPRODUCT((MOD(ROW(I2:I76),3)=1)*I2:I76)/25 -> 0 | Z4: =SUMPRODUCT((MOD(ROW(J2:J76),3)=1)*J2:J76)/25 -> 0.7016 | AA4: =SUMPRODUCT((MOD(ROW(L2:L76),3)=1)*L2:L76)/25 -> 0.67796 | AB4: =SUMPRODUCT((MOD(ROW(M2:M76),3)=1)*M2:M76)/25 -> 0 | AC4: =SUMPRODUCT((MOD(ROW(N2:N76),3)=1)*N2:N76)/25 -> 0 | AD4: =SUMPRODUCT((MOD(ROW(P2:P76),3)=1)*P2:P76)/25 -> 0 | AE4: =SUMPRODUCT((MOD(ROW(Q2:Q76),3)=1)*Q2:Q76)/25 -> 0 | AF4: =SUMPRODUCT((MOD(ROW(T2:T76),3)=1)*T2:T76)/25 -> 0
A5: 0 | B5: BM | C5: 0.2 | D5: 2 | E5: 2 | F5: 21 | G5: 21 | H5: =IF(F5=G5,1,0) -> 1 | I5: =(F5-G5)/G5*100 -> 0 | J5: 0.583 | K5: 0.017 | L5: 0.566 | M5: 0 | N5: 0 | O5: 0 | P5: 0 | Q5: 0 | R5: 0 | S5: 0 | T5: 0 | U5: 1 | W5: 2 | X5: =SUMPRODUCT((MOD(ROW(H77:H151),3)=2)*H77:H151) -> 25 | Y5: =SUMPRODUCT((MOD(ROW(I77:I151),3)=2)*I77:I151)/25 -> 0 | Z5: =SUMPRODUCT((MOD(ROW(J77:J151),3)=2)*J77:J151)/25 -> 0.59804 | AA5: =SUMPRODUCT((MOD(ROW(L77:L151),3)=2)*L77:L151)/25 -> 0.573 | AB5: =SUMPRODUCT((MOD(ROW(M77:M151),3)=2)*M77:M151)/25 -> 0 | AC5: =SUMPRODUCT((MOD(ROW(N77:N151),3)=2)*N77:N151)/25 -> 0 | AD5: =SUMPRODUCT((MOD(ROW(P77:P151),3)=2)*P77:P151)/25 -> 0 | AE5: =SUMPRODUCT((MOD(ROW(Q77:Q151),3)=2)*Q77:Q151)/25 -> 0 | AF5: =SUMPRODUCT((MOD(ROW(T77:T151),3)=2)*T77:T151)/25 -> 0
A6: 0 | B6: BM | C6: 0.2 | D6: 3 | E6: 2 | F6: 21 | G6: 21 | H6: =IF(F6=G6,1,0) -> 1 | I6: =(F6-G6)/G6*100 -> 0 | J6: 0.584 | K6: 0.016 | L6: 0.568 | M6: 0 | N6: 0 | O6: 0 | P6: 0 | Q6: 0 | R6: 0 | S6: 0 | T6: 0 | U6: 1 | W6: 3 | X6: =SUMPRODUCT((MOD(ROW(H77:H151),3)=0)*H77:H151) -> 25 | Y6: =SUMPRODUCT((MOD(ROW(I77:I151),3)=0)*I77:I151)/25 -> 0 | Z6: =SUMPRODUCT((MOD(ROW(J77:J151),3)=0)*J77:J151)/25 -> 0.66828 | AA6: =SUMPRODUCT((MOD(ROW(L77:L151),3)=0)*L77:L151)/25 -> 0.64368 | AB6: =SUMPRODUCT((MOD(ROW(M77:M151),3)=0)*M77:M151)/25 -> 0 | AC6: =SUMPRODUCT((MOD(ROW(N77:N151),3)=0)*N77:N151)/25 -> 0 | AD6: =SUMPRODUCT((MOD(ROW(P77:P151),3)=0)*P77:P151)/25 -> 0 | AE6: =SUMPRODUCT((MOD(ROW(Q77:Q151),3)=0)*Q77:Q151)/25 -> 0 | AF6: =SUMPRODUCT((MOD(ROW(T77:T151),3)=0)*T77:T151)/25 -> 0
A7: 0 | B7: BM | C7: 0.2 | D7: 4 | E7: 2 | F7: 21 | G7: 21 | H7: =IF(F7=G7,1,0) -> 1 | I7: =(F7-G7)/G7*100 -> 0 | J7: 0.639 | K7: 0.016 | L7: 0.623 | M7: 0 | N7: 0 | O7: 0 | P7: 0 | Q7: 0 | R7: 0 | S7: 0 | T7: 0 | U7: 1 | W7: 4 | X7: =SUMPRODUCT((MOD(ROW(H77:H151),3)=1)*H77:H151) -> 24 | Y7: =SUMPRODUCT((MOD(ROW(I77:I151),3)=1)*I77:I151)/25 -> 0.28571429 | Z7: =SUMPRODUCT((MOD(ROW(J77:J151),3)=1)*J77:J151)/25 -> 181.76604 | AA7: =SUMPRODUCT((MOD(ROW(L77:L151),3)=1)*L77:L151)/25 -> 2.60532 | AB7: =SUMPRODUCT((MOD(ROW(M77:M151),3)=1)*M77:M151)/25 -> 13.3568 | AC7: =SUMPRODUCT((MOD(ROW(N77:N151),3)=1)*N77:N151)/25 -> 0.05964 | AD7: =SUMPRODUCT((MOD(ROW(P77:P151),3)=1)*P77:P151)/25 -> 5396.92 | AE7: =SUMPRODUCT((MOD(ROW(Q77:Q151),3)=1)*Q77:Q151)/25 -> 810.32 | AF7: =SUMPRODUCT((MOD(ROW(T77:T151),3)=1)*T77:T151)/25 -> 122.28
A8: 0 | B8: BM | C8: 0.2 | D8: 2 | E8: 3 | F8: 20 | G8: 20 | H8: =IF(F8=G8,1,0) -> 1 | I8: =(F8-G8)/G8*100 -> 0 | J8: 0.544 | K8: 0.018 | L8: 0.526 | M8: 0 | N8: 0 | O8: 0 | P8: 0 | Q8: 0 | R8: 0 | S8: 0 | T8: 0 | U8: 1 | W8: 2 | X8: =SUMPRODUCT((MOD(ROW(H152:H226),3)=2)*H152:H226) -> 22 | Y8: =SUMPRODUCT((MOD(ROW(I152:I226),3)=2)*I152:I226)/25 -> 0.23378582 | Z8: =SUMPRODUCT((MOD(ROW(J152:J226),3)=2)*J152:J226)/25 -> 454.1422 | AA8: =SUMPRODUCT((MOD(ROW(L152:L226),3)=2)*L152:L226)/25 -> 2.6262 | AB8: =SUMPRODUCT((MOD(ROW(M152:M226),3)=2)*M152:M226)/25 -> 0.70648 | AC8: =SUMPRODUCT((MOD(ROW(N152:N226),3)=2)*N152:N226)/25 -> 0.28396 | AD8: =SUMPRODUCT((MOD(ROW(P152:P226),3)=2)*P152:P226)/25 -> 2415.76 | AE8: =SUMPRODUCT((MOD(ROW(Q152:Q226),3)=2)*Q152:Q226)/25 -> 153.32 | AF8: =SUMPRODUCT((MOD(ROW(T152:T226),3)=2)*T152:T226)/25 -> 128.28
A9: 0 | B9: BM | C9: 0.2 | D9: 3 | E9: 3 | F9: 20 | G9: 20 | H9: =IF(F9=G9,1,0) -> 1 | I9: =(F9-G9)/G9*100 -> 0 | J9: 0.551 | K9: 0.025 | L9: 0.526 | M9: 0 | N9: 0 | O9: 0 | P9: 0 | Q9: 0 | R9: 0 | S9: 0 | T9: 0 | U9: 1 | W9: 3 | X9: =SUMPRODUCT((MOD(ROW(H152:H226),3)=0)*H152:H226) -> 23 | Y9: =SUMPRODUCT((MOD(ROW(I152:I226),3)=0)*I152:I226)/25 -> 0.15535445 | Z9: =SUMPRODUCT((MOD(ROW(J152:J226),3)=0)*J152:J226)/25 -> 365.99952 | AA9: =SUMPRODUCT((MOD(ROW(L152:L226),3)=0)*L152:L226)/25 -> 2.2632 | AB9: =SUMPRODUCT((MOD(ROW(M152:M226),3)=0)*M152:M226)/25 -> 0.66832 | AC9: =SUMPRODUCT((MOD(ROW(N152:N226),3)=0)*N152:N226)/25 -> 0.34164 | AD9: =SUMPRODUCT((MOD(ROW(P152:P226),3)=0)*P152:P226)/25 -> 1967.32 | AE9: =SUMPRODUCT((MOD(ROW(Q152:Q226),3)=0)*Q152:Q226)/25 -> 444.36 | AF9: =SUMPRODUCT((MOD(ROW(T152:T226),3)=0)*T152:T226)/25 -> 239.04
A10: 0 | B10: BM | C10: 0.2 | D10: 4 | E10: 3 | F10: 20 | G10: 20 | H10: =IF(F10=G10,1,0) -> 1 | I10: =(F10-G10)/G10*100 -> 0 | J10: 0.637 | K10: 0.023 | L10: 0.614 | M10: 0 | N10: 0 | O10: 0 | P10: 0 | Q10: 0 | R10: 0 | S10: 0 | T10: 0 | U10: 1 | W10: 4 | X10: =SUMPRODUCT((MOD(ROW(H152:H226),3)=1)*H152:H226) -> 24 | Y10: =SUMPRODUCT((MOD(ROW(I152:I226),3)=1)*I152:I226)/25 -> 0.078431373 | Z10: =SUMPRODUCT((MOD(ROW(J152:J226),3)=1)*J152:J226)/25 -> 212.07732 | AA10: =SUMPRODUCT((MOD(ROW(L152:L226),3)=1)*L152:L226)/25 -> 3.02368 | AB10: =SUMPRODUCT((MOD(ROW(M152:M226),3)=1)*M152:M226)/25 -> 0.52572 | AC10: =SUMPRODUCT((MOD(ROW(N152:N226),3)=1)*N152:N226)/25 -> 0.26676 | AD10: =SUMPRODUCT((MOD(ROW(P152:P226),3)=1)*P152:P226)/25 -> 2368.8 | AE10: =SUMPRODUCT((MOD(ROW(Q152:Q226),3)=1)*Q152:Q226)/25 -> 426.96 | AF10: =SUMPRODUCT((MOD(ROW(T152:T226),3)=1)*T152:T226)/25 -> 68.64
A11: 0 | B11: BM | C11: 0.2 | D11: 2 | E11: 4 | F11: 24 | G11: 24 | H11: =IF(F11=G11,1,0) -> 1 | I11: =(F11-G11)/G11*100 -> 0 | J11: 0.662 | K11: 0.026 | L11: 0.636 | M11: 0 | N11: 0 | O11: 0 | P11: 0 | Q11: 0 | R11: 0 | S11: 0 | T11: 0 | U11: 1 | W11: 2 | X11: =SUMPRODUCT((MOD(ROW(H227:H301),3)=2)*H227:H301) -> 24 | Y11: =SUMPRODUCT((MOD(ROW(I227:I301),3)=2)*I227:I301)/25 -> 0.18181818 | Z11: =SUMPRODUCT((MOD(ROW(J227:J301),3)=2)*J227:J301)/25 -> 144.93832 | AA11: =SUMPRODUCT((MOD(ROW(L227:L301),3)=2)*L227:L301)/25 -> 1.14596 | AB11: =SUMPRODUCT((MOD(ROW(M227:M301),3)=2)*M227:M301)/25 -> 2.14016 | AC11: =SUMPRODUCT((MOD(ROW(N227:N301),3)=2)*N227:N301)/25 -> 0.25984 | AD11: =SUMPRODUCT((MOD(ROW(P227:P301),3)=2)*P227:P301)/25 -> 1318.96 | AE11: =SUMPRODUCT((MOD(ROW(Q227:Q301),3)=2)*Q227:Q301)/25 -> 298.92 | AF11: =SUMPRODUCT((MOD(ROW(T227:T301),3)=2)*T227:T301)/25 -> 85.64
A12: 0 | B12: BM | C12: 0.2 | D12: 3 | E12: 4 | F12: 24 | G12: 24 | H12: =IF(F12=G12,1,0) -> 1 | I12: =(F12-G12)/G12*100 -> 0 | J12: 0.689 | K12: 0.026 | L12: 0.663 | M12: 0 | N12: 0 | O12: 0 | P12: 0 | Q12: 0 | R12: 0 | S12: 0 | T12: 0 | U12: 1 | W12: 3 | X12: =SUMPRODUCT((MOD(ROW(H227:H301),3)=0)*H227:H301) -> 23 | Y12: =SUMPRODUCT((MOD(ROW(I227:I301),3)=0)*I227:I301)/25 -> 0.36363636 | Z12: =SUMPRODUCT((MOD(ROW(J227:J301),3)=0)*J227:J301)/25 -> 289.11676 | AA12: =SUMPRODUCT((MOD(ROW(L227:L301),3)=0)*L227:L301)/25 -> 1.74996 | AB12: =SUMPRODUCT((MOD(ROW(M227:M301),3)=0)*M227:M301)/25 -> 7.22568 | AC12: =SUMPRODUCT((MOD(ROW(N227:N301),3)=0)*N227:N301)/25 -> 0.36064 | AD12: =SUMPRODUCT((MOD(ROW(P227:P301),3)=0)*P227:P301)/25 -> 3182.04 | AE12: =SUMPRODUCT((MOD(ROW(Q227:Q301),3)=0)*Q227:Q301)/25 -> 923.04 | AF12: =SUMPRODUCT((MOD(ROW(T227:T301),3)=0)*T227:T301)/25 -> 235.28
A13: 0 | B13: BM | C13: 0.2 | D13: 4 | E13: 4 | F13: 24 | G13: 24 | H13: =IF(F13=G13,1,0) -> 1 | I13: =(F13-G13)/G13*100 -> 0 | J13: 0.666 | K13: 0.026 | L13: 0.64 | M13: 0 | N13: 0 | O13: 0 | P13: 0 | Q13: 0 | R13: 0 | S13: 0 | T13: 0 | U13: 1 | W13: 4 | X13: =SUMPRODUCT((MOD(ROW(H227:H301),3)=1)*H227:H301) -> 22 | Y13: =SUMPRODUCT((MOD(ROW(I227:I301),3)=1)*I227:I301)/25 -> 0.70301357 | Z13: =SUMPRODUCT((MOD(ROW(J227:J301),3)=1)*J227:J301)/25 -> 433.0632 | AA13: =SUMPRODUCT((MOD(ROW(L227:L301),3)=1)*L227:L301)/25 -> 1.95764 | AB13: =SUMPRODUCT((MOD(ROW(M227:M301),3)=1)*M227:M301)/25 -> 2.28336 | AC13: =SUMPRODUCT((MOD(ROW(N227:N301),3)=1)*N227:N301)/25 -> 0.10584 | AD13: =SUMPRODUCT((MOD(ROW(P227:P301),3)=1)*P227:P301)/25 -> 2627.68 | AE13: =SUMPRODUCT((MOD(ROW(Q227:Q301),3)=1)*Q227:Q301)/25 -> 541 | AF13: =SUMPRODUCT((MOD(ROW(T227:T301),3)=1)*T227:T301)/25 -> 81.8
A14: 0 | B14: BM | C14: 0.2 | D14: 2 | E14: 5 | F14: 22 | G14: 22 | H14: =IF(F14=G14,1,0) -> 1 | I14: =(F14-G14)/G14*100 -> 0 | J14: 0.603 | K14: 0.023 | L14: 0.58 | M14: 0 | N14: 0 | O14: 0 | P14: 0 | Q14: 0 | R14: 0 | S14: 0 | T14: 0 | U14: 1 | W14: 2 | X14: =SUMPRODUCT((MOD(ROW(H302:H376),3)=2)*H302:H376) -> 25 | Y14: =SUMPRODUCT((MOD(ROW(I302:I376),3)=2)*I302:I376)/25 -> 0 | Z14: =SUMPRODUCT((MOD(ROW(J302:J376),3)=2)*J302:J376)/25 -> 0.62592 | AA14: =SUMPRODUCT((MOD(ROW(L302:L376),3)=2)*L302:L376)/25 -> 0.54228 | AB14: =SUMPRODUCT((MOD(ROW(M302:M376),3)=2)*M302:M376)/25 -> 0 | AC14: =SUMPRODUCT((MOD(ROW(N302:N376),3)=2)*N302:N376)/25 -> 0 | AD14: =SUMPRODUCT((MOD(ROW(P302:P376),3)=2)*P302:P376)/25 -> 0 | AE14: =SUMPRODUCT((MOD(ROW(Q302:Q376),3)=2)*Q302:Q376)/25 -> 0 | AF14: =SUMPRODUCT((MOD(ROW(T302:T376),3)=2)*T302:T376)/25 -> 0
A15: 0 | B15: BM | C15: 0.2 | D15: 3 | E15: 5 | F15: 22 | G15: 22 | H15: =IF(F15=G15,1,0) -> 1 | I15: =(F15-G15)/G15*100 -> 0 | J15: 0.63 | K15: 0.024 | L15: 0.606 | M15: 0 | N15: 0 | O15: 0 | P15: 0 | Q15: 0 | R15: 0 | S15: 0 | T15: 0 | U15: 1 | W15: 3 | X15: =SUMPRODUCT((MOD(ROW(H302:H376),3)=0)*H302:H376) -> 25 | Y15: =SUMPRODUCT((MOD(ROW(I302:I376),3)=0)*I302:I376)/25 -> 0 | Z15: =SUMPRODUCT((MOD(ROW(J302:J376),3)=0)*J302:J376)/25 -> 1.08844 | AA15: =SUMPRODUCT((MOD(ROW(L302:L376),3)=0)*L302:L376)/25 -> 1.00704 | AB15: =SUMPRODUCT((MOD(ROW(M302:M376),3)=0)*M302:M376)/25 -> 0 | AC15: =SUMPRODUCT((MOD(ROW(N302:N376),3)=0)*N302:N376)/25 -> 0 | AD15: =SUMPRODUCT((MOD(ROW(P302:P376),3)=0)*P302:P376)/25 -> 0 | AE15: =SUMPRODUCT((MOD(ROW(Q302:Q376),3)=0)*Q302:Q376)/25 -> 0 | AF15: =SUMPRODUCT((MOD(ROW(T302:T376),3)=0)*T302:T376)/25 -> 0
A16: 0 | B16: BM | C16: 0.2 | D16: 4 | E16: 5 | F16: 23 | G16: 23 | H16: =IF(F16=G16,1,0) -> 1 | I16: =(F16-G16)/G16*100 -> 0 | J16: 1.785 | K16: 0.018 | L16: 1.767 | M16: 0 | N16: 0 | O16: 0 | P16: 0 | Q16: 0 | R16: 0 | S16: 0 | T16: 0 | U16: 1 | W16: 4 | X16: =SUMPRODUCT((MOD(ROW(H302:H376),3)=1)*H302:H376) -> 25 | Y16: =SUMPRODUCT((MOD(ROW(I302:I376),3)=1)*I302:I376)/25 -> 0 | Z16: =SUMPRODUCT((MOD(ROW(J302:J376),3)=1)*J302:J376)/25 -> 2.58244 | AA16: =SUMPRODUCT((MOD(ROW(L302:L376),3)=1)*L302:L376)/25 -> 2.13544 | AB16: =SUMPRODUCT((MOD(ROW(M302:M376),3)=1)*M302:M376)/25 -> 0.00196 | AC16: =SUMPRODUCT((MOD(ROW(N302:N376),3)=1)*N302:N376)/25 -> 0.00016 | AD16: =SUMPRODUCT((MOD(ROW(P302:P376),3)=1)*P302:P376)/25 -> 71.12 | AE16: =SUMPRODUCT((MOD(ROW(Q302:Q376),3)=1)*Q302:Q376)/25 -> 0.2 | AF16: =SUMPRODUCT((MOD(ROW(T302:T376),3)=1)*T302:T376)/25 -> 0.12
A17: 0 | B17: BM | C17: 0.2 | D17: 2 | E17: 6 | F17: 22 | G17: 22 | H17: =IF(F17=G17,1,0) -> 1 | I17: =(F17-G17)/G17*100 -> 0 | J17: 0.738 | K17: 0.025 | L17: 0.713 | M17: 0 | N17: 0 | O17: 0 | P17: 0 | Q17: 0 | R17: 0 | S17: 0 | T17: 0 | U17: 1 | W17: 2 | X17: =SUMPRODUCT((MOD(ROW(H377:H451),3)=2)*H377:H451) -> 23 | Y17: =SUMPRODUCT((MOD(ROW(I377:I451),3)=2)*I377:I451)/25 -> 0.15535445 | Z17: =SUMPRODUCT((MOD(ROW(J377:J451),3)=2)*J377:J451)/25 -> 294.73324 | AA17: =SUMPRODUCT((MOD(ROW(L377:L451),3)=2)*L377:L451)/25 -> 2.56904 | AB17: =SUMPRODUCT((MOD(ROW(M377:M451),3)=2)*M377:M451)/25 -> 0.11696 | AC17: =SUMPRODUCT((MOD(ROW(N377:N451),3)=2)*N377:N451)/25 -> 0.14688 | AD17: =SUMPRODUCT((MOD(ROW(P377:P451),3)=2)*P377:P451)/25 -> 1064.76 | AE17: =SUMPRODUCT((MOD(ROW(Q377:Q451),3)=2)*Q377:Q451)/25 -> 234.6 | AF17: =SUMPRODUCT((MOD(ROW(T377:T451),3)=2)*T377:T451)/25 -> 60.2
A18: 0 | B18: BM | C18: 0.2 | D18: 3 | E18: 6 | F18: 22 | G18: 22 | H18: =IF(F18=G18,1,0) -> 1 | I18: =(F18-G18)/G18*100 -> 0 | J18: 0.785 | K18: 0.024 | L18: 0.761 | M18: 0 | N18: 0 | O18: 0 | P18: 0 | Q18: 0 | R18: 0 | S18: 0 | T18: 0 | U18: 1 | W18: 3 | X18: =SUMPRODUCT((MOD(ROW(H377:H451),3)=0)*H377:H451) -> 23 | Y18: =SUMPRODUCT((MOD(ROW(I377:I451),3)=0)*I377:I451)/25 -> 0.15250545 | Z18: =SUMPRODUCT((MOD(ROW(J377:J451),3)=0)*J377:J451)/25 -> 290.92688 | AA18: =SUMPRODUCT((MOD(ROW(L377:L451),3)=0)*L377:L451)/25 -> 3.24352 | AB18: =SUMPRODUCT((MOD(ROW(M377:M451),3)=0)*M377:M451)/25 -> 0.278 | AC18: =SUMPRODUCT((MOD(ROW(N377:N451),3)=0)*N377:N451)/25 -> 0.28652 | AD18: =SUMPRODUCT((MOD(ROW(P377:P451),3)=0)*P377:P451)/25 -> 1118.28 | AE18: =SUMPRODUCT((MOD(ROW(Q377:Q451),3)=0)*Q377:Q451)/25 -> 415.12 | AF18: =SUMPRODUCT((MOD(ROW(T377:T451),3)=0)*T377:T451)/25 -> 155.8
A19: 0 | B19: BM | C19: 0.2 | D19: 4 | E19: 6 | F19: 22 | G19: 22 | H19: =IF(F19=G19,1,0) -> 1 | I19: =(F19-G19)/G19*100 -> 0 | J19: 0.779 | K19: 0.024 | L19: 0.755 | M19: 0 | N19: 0 | O19: 0 | P19: 0 | Q19: 0 | R19: 0 | S19: 0 | T19: 0 | U19: 1 | W19: 4 | X19: =SUMPRODUCT((MOD(ROW(H377:H451),3)=1)*H377:H451) -> 23 | Y19: =SUMPRODUCT((MOD(ROW(I377:I451),3)=1)*I377:I451)/25 -> 0.15115865 | Z19: =SUMPRODUCT((MOD(ROW(J377:J451),3)=1)*J377:J451)/25 -> 313.05228 | AA19: =SUMPRODUCT((MOD(ROW(L377:L451),3)=1)*L377:L451)/25 -> 4.245 | AB19: =SUMPRODUCT((MOD(ROW(M377:M451),3)=1)*M377:M451)/25 -> 0.33644 | AC19: =SUMPRODUCT((MOD(ROW(N377:N451),3)=1)*N377:N451)/25 -> 0.44144 | AD19: =SUMPRODUCT((MOD(ROW(P377:P451),3)=1)*P377:P451)/25 -> 1520.64 | AE19: =SUMPRODUCT((MOD(ROW(Q377:Q451),3)=1)*Q377:Q451)/25 -> 1566.72 | AF19: =SUMPRODUCT((MOD(ROW(T377:T451),3)=1)*T377:T451)/25 -> 197.96
A20: 0 | B20: BM | C20: 0.2 | D20: 2 | E20: 7 | F20: 26 | G20: 26 | H20: =IF(F20=G20,1,0) -> 1 | I20: =(F20-G20)/G20*100 -> 0 | J20: 0.592 | K20: 0.023 | L20: 0.569 | M20: 0 | N20: 0 | O20: 0 | P20: 0 | Q20: 0 | R20: 0 | S20: 0 | T20: 0 | U20: 1 | W20: 2 | X20: =SUMPRODUCT((MOD(ROW(H452:H526),3)=2)*H452:H526) -> 25 | Y20: =SUMPRODUCT((MOD(ROW(I452:I526),3)=2)*I452:I526)/25 -> 0 | Z20: =SUMPRODUCT((MOD(ROW(J452:J526),3)=2)*J452:J526)/25 -> 0.7608 | AA20: =SUMPRODUCT((MOD(ROW(L452:L526),3)=2)*L452:L526)/25 -> 0.73532 | AB20: =SUMPRODUCT((MOD(ROW(M452:M526),3)=2)*M452:M526)/25 -> 0 | AC20: =SUMPRODUCT((MOD(ROW(N452:N526),3)=2)*N452:N526)/25 -> 0 | AD20: =SUMPRODUCT((MOD(ROW(P452:P526),3)=2)*P452:P526)/25 -> 0 | AE20: =SUMPRODUCT((MOD(ROW(Q452:Q526),3)=2)*Q452:Q526)/25 -> 0 | AF20: =SUMPRODUCT((MOD(ROW(T452:T526),3)=2)*T452:T526)/25 -> 0
A21: 0 | B21: BM | C21: 0.2 | D21: 3 | E21: 7 | F21: 26 | G21: 26 | H21: =IF(F21=G21,1,0) -> 1 | I21: =(F21-G21)/G21*100 -> 0 | J21: 0.632 | K21: 0.025 | L21: 0.607 | M21: 0 | N21: 0 | O21: 0 | P21: 0 | Q21: 0 | R21: 0 | S21: 0 | T21: 0 | U21: 1 | W21: 3 | X21: =SUMPRODUCT((MOD(ROW(H452:H526),3)=0)*H452:H526) -> 25 | Y21: =SUMPRODUCT((MOD(ROW(I452:I526),3)=0)*I452:I526)/25 -> 0 | Z21: =SUMPRODUCT((MOD(ROW(J452:J526),3)=0)*J452:J526)/25 -> 0.76668 | AA21: =SUMPRODUCT((MOD(ROW(L452:L526),3)=0)*L452:L526)/25 -> 0.74112 | AB21: =SUMPRODUCT((MOD(ROW(M452:M526),3)=0)*M452:M526)/25 -> 0 | AC21: =SUMPRODUCT((MOD(ROW(N452:N526),3)=0)*N452:N526)/25 -> 0 | AD21: =SUMPRODUCT((MOD(ROW(P452:P526),3)=0)*P452:P526)/25 -> 0 | AE21: =SUMPRODUCT((MOD(ROW(Q452:Q526),3)=0)*Q452:Q526)/25 -> 0 | AF21: =SUMPRODUCT((MOD(ROW(T452:T526),3)=0)*T452:T526)/25 -> 0
A22: 0 | B22: BM | C22: 0.2 | D22: 4 | E22: 7 | F22: 26 | G22: 26 | H22: =IF(F22=G22,1,0) -> 1 | I22: =(F22-G22)/G22*100 -> 0 | J22: 0.635 | K22: 0.023 | L22: 0.612 | M22: 0 | N22: 0 | O22: 0 | P22: 0 | Q22: 0 | R22: 0 | S22: 0 | T22: 0 | U22: 1 | W22: 4 | X22: =SUMPRODUCT((MOD(ROW(H452:H526),3)=1)*H452:H526) -> 25 | Y22: =SUMPRODUCT((MOD(ROW(I452:I526),3)=1)*I452:I526)/25 -> 0 | Z22: =SUMPRODUCT((MOD(ROW(J452:J526),3)=1)*J452:J526)/25 -> 0.77732 | AA22: =SUMPRODUCT((MOD(ROW(L452:L526),3)=1)*L452:L526)/25 -> 0.75136 | AB22: =SUMPRODUCT((MOD(ROW(M452:M526),3)=1)*M452:M526)/25 -> 0 | AC22: =SUMPRODUCT((MOD(ROW(N452:N526),3)=1)*N452:N526)/25 -> 0 | AD22: =SUMPRODUCT((MOD(ROW(P452:P526),3)=1)*P452:P526)/25 -> 0 | AE22: =SUMPRODUCT((MOD(ROW(Q452:Q526),3)=1)*Q452:Q526)/25 -> 0 | AF22: =SUMPRODUCT((MOD(ROW(T452:T526),3)=1)*T452:T526)/25 -> 0
A23: 0 | B23: BM | C23: 0.2 | D23: 2 | E23: 8 | F23: 24 | G23: 24 | H23: =IF(F23=G23,1,0) -> 1 | I23: =(F23-G23)/G23*100 -> 0 | J23: 0.629 | K23: 0.024 | L23: 0.605 | M23: 0 | N23: 0 | O23: 0 | P23: 0 | Q23: 0 | R23: 0 | S23: 0 | T23: 0 | U23: 1 | W23: 2 | X23: =SUMPRODUCT((MOD(ROW(H527:H601),3)=2)*H527:H601) -> 25 | Y23: =SUMPRODUCT((MOD(ROW(I527:I601),3)=2)*I527:I601)/25 -> 0 | Z23: =SUMPRODUCT((MOD(ROW(J527:J601),3)=2)*J527:J601)/25 -> 0.39288 | AA23: =SUMPRODUCT((MOD(ROW(L527:L601),3)=2)*L527:L601)/25 -> 0.37176 | AB23: =SUMPRODUCT((MOD(ROW(M527:M601),3)=2)*M527:M601)/25 -> 0 | AC23: =SUMPRODUCT((MOD(ROW(N527:N601),3)=2)*N527:N601)/25 -> 0 | AD23: =SUMPRODUCT((MOD(ROW(P527:P601),3)=2)*P527:P601)/25 -> 0 | AE23: =SUMPRODUCT((MOD(ROW(Q527:Q601),3)=2)*Q527:Q601)/25 -> 0 | AF23: =SUMPRODUCT((MOD(ROW(T527:T601),3)=2)*T527:T601)/25 -> 0
A24: 0 | B24: BM | C24: 0.2 | D24: 3 | E24: 8 | F24: 24 | G24: 24 | H24: =IF(F24=G24,1,0) -> 1 | I24: =(F24-G24)/G24*100 -> 0 | J24: 0.607 | K24: 0.024 | L24: 0.583 | M24: 0 | N24: 0 | O24: 0 | P24: 0 | Q24: 0 | R24: 0 | S24: 0 | T24: 0 | U24: 1 | W24: 3 | X24: =SUMPRODUCT((MOD(ROW(H527:H601),3)=0)*H527:H601) -> 25 | Y24: =SUMPRODUCT((MOD(ROW(I527:I601),3)=0)*I527:I601)/25 -> 0 | Z24: =SUMPRODUCT((MOD(ROW(J527:J601),3)=0)*J527:J601)/25 -> 0.48804 | AA24: =SUMPRODUCT((MOD(ROW(L527:L601),3)=0)*L527:L601)/25 -> 0.46668 | AB24: =SUMPRODUCT((MOD(ROW(M527:M601),3)=0)*M527:M601)/25 -> 0 | AC24: =SUMPRODUCT((MOD(ROW(N527:N601),3)=0)*N527:N601)/25 -> 0 | AD24: =SUMPRODUCT((MOD(ROW(P527:P601),3)=0)*P527:P601)/25 -> 0 | AE24: =SUMPRODUCT((MOD(ROW(Q527:Q601),3)=0)*Q527:Q601)/25 -> 0 | AF24: =SUMPRODUCT((MOD(ROW(T527:T601),3)=0)*T527:T601)/25 -> 0
A25: 0 | B25: BM | C25: 0.2 | D25: 4 | E25: 8 | F25: 24 | G25: 24 | H25: =IF(F25=G25,1,0) -> 1 | I25: =(F25-G25)/G25*100 -> 0 | J25: 0.612 | K25: 0.02 | L25: 0.592 | M25: 0 | N25: 0 | O25: 0 | P25: 0 | Q25: 0 | R25: 0 | S25: 0 | T25: 0 | U25: 1 | W25: 4 | X25: =SUMPRODUCT((MOD(ROW(H527:H601),3)=1)*H527:H601) -> 25 | Y25: =SUMPRODUCT((MOD(ROW(I527:I601),3)=1)*I527:I601)/25 -> 0 | Z25: =SUMPRODUCT((MOD(ROW(J527:J601),3)=1)*J527:J601)/25 -> 43.50984 | AA25: =SUMPRODUCT((MOD(ROW(L527:L601),3)=1)*L527:L601)/25 -> 1.22504 | AB25: =SUMPRODUCT((MOD(ROW(M527:M601),3)=1)*M527:M601)/25 -> 1.72656 | AC25: =SUMPRODUCT((MOD(ROW(N527:N601),3)=1)*N527:N601)/25 -> 0.00952 | AD25: =SUMPRODUCT((MOD(ROW(P527:P601),3)=1)*P527:P601)/25 -> 1224.92 | AE25: =SUMPRODUCT((MOD(ROW(Q527:Q601),3)=1)*Q527:Q601)/25 -> 51.04 | AF25: =SUMPRODUCT((MOD(ROW(T527:T601),3)=1)*T527:T601)/25 -> 5.96
A26: 0 | B26: BM | C26: 0.2 | D26: 2 | E26: 9 | F26: 23 | G26: 23 | H26: =IF(F26=G26,1,0) -> 1 | I26: =(F26-G26)/G26*100 -> 0 | J26: 0.63 | K26: 0.027 | L26: 0.603 | M26: 0 | N26: 0 | O26: 0 | P26: 0 | Q26: 0 | R26: 0 | S26: 0 | T26: 0 | U26: 1 | W26: 2 | X26: =SUMPRODUCT((MOD(ROW(H602:H676),3)=2)*H602:H676) -> 20 | Y26: =SUMPRODUCT((MOD(ROW(I602:I676),3)=2)*I602:I676)/25 -> 0.39541848 | Z26: =SUMPRODUCT((MOD(ROW(J602:J676),3)=2)*J602:J676)/25 -> 726.75252 | AA26: =SUMPRODUCT((MOD(ROW(L602:L676),3)=2)*L602:L676)/25 -> 3.79688 | AB26: =SUMPRODUCT((MOD(ROW(M602:M676),3)=2)*M602:M676)/25 -> 1.3224 | AC26: =SUMPRODUCT((MOD(ROW(N602:N676),3)=2)*N602:N676)/25 -> 0.7992 | AD26: =SUMPRODUCT((MOD(ROW(P602:P676),3)=2)*P602:P676)/25 -> 3692.84 | AE26: =SUMPRODUCT((MOD(ROW(Q602:Q676),3)=2)*Q602:Q676)/25 -> 227.48 | AF26: =SUMPRODUCT((MOD(ROW(T602:T676),3)=2)*T602:T676)/25 -> 159.92
A27: 0 | B27: BM | C27: 0.2 | D27: 3 | E27: 9 | F27: 23 | G27: 23 | H27: =IF(F27=G27,1,0) -> 1 | I27: =(F27-G27)/G27*100 -> 0 | J27: 0.662 | K27: 0.023 | L27: 0.639 | M27: 0 | N27: 0 | O27: 0 | P27: 0 | Q27: 0 | R27: 0 | S27: 0 | T27: 0 | U27: 1 | W27: 3 | X27: =SUMPRODUCT((MOD(ROW(H602:H676),3)=0)*H602:H676) -> 21 | Y27: =SUMPRODUCT((MOD(ROW(I602:I676),3)=0)*I602:I676)/25 -> 0.3184954 | Z27: =SUMPRODUCT((MOD(ROW(J602:J676),3)=0)*J602:J676)/25 -> 609.025 | AA27: =SUMPRODUCT((MOD(ROW(L602:L676),3)=0)*L602:L676)/25 -> 4.40832 | AB27: =SUMPRODUCT((MOD(ROW(M602:M676),3)=0)*M602:M676)/25 -> 1.74808 | AC27: =SUMPRODUCT((MOD(ROW(N602:N676),3)=0)*N602:N676)/25 -> 0.826 | AD27: =SUMPRODUCT((MOD(ROW(P602:P676),3)=0)*P602:P676)/25 -> 4084.36 | AE27: =SUMPRODUCT((MOD(ROW(Q602:Q676),3)=0)*Q602:Q676)/25 -> 387.2 | AF27: =SUMPRODUCT((MOD(ROW(T602:T676),3)=0)*T602:T676)/25 -> 94.2
A28: 0 | B28: BM | C28: 0.2 | D28: 4 | E28: 9 | F28: 23 | G28: 23 | H28: =IF(F28=G28,1,0) -> 1 | I28: =(F28-G28)/G28*100 -> 0 | J28: 0.62 | K28: 0.022 | L28: 0.598 | M28: 0 | N28: 0 | O28: 0 | P28: 0 | Q28: 0 | R28: 0 | S28: 0 | T28: 0 | U28: 1 | W28: 4 | X28: =SUMPRODUCT((MOD(ROW(H602:H676),3)=1)*H602:H676) -> 20 | Y28: =SUMPRODUCT((MOD(ROW(I602:I676),3)=1)*I602:I676)/25 -> 0.38992397 | Z28: =SUMPRODUCT((MOD(ROW(J602:J676),3)=1)*J602:J676)/25 -> 753.7788 | AA28: =SUMPRODUCT((MOD(ROW(L602:L676),3)=1)*L602:L676)/25 -> 4.07048 | AB28: =SUMPRODUCT((MOD(ROW(M602:M676),3)=1)*M602:M676)/25 -> 1.8036 | AC28: =SUMPRODUCT((MOD(ROW(N602:N676),3)=1)*N602:N676)/25 -> 0.91644 | AD28: =SUMPRODUCT((MOD(ROW(P602:P676),3)=1)*P602:P676)/25 -> 4409.2 | AE28: =SUMPRODUCT((MOD(ROW(Q602:Q676),3)=1)*Q602:Q676)/25 -> 1322.08 | AF28: =SUMPRODUCT((MOD(ROW(T602:T676),3)=1)*T602:T676)/25 -> 187.56
A29: 0 | B29: BM | C29: 0.2 | D29: 2 | E29: 10 | F29: 22 | G29: 22 | H29: =IF(F29=G29,1,0) -> 1 | I29: =(F29-G29)/G29*100 -> 0 | J29: 0.52 | K29: 0.022 | L29: 0.498 | M29: 0 | N29: 0 | O29: 0 | P29: 0 | Q29: 0 | R29: 0 | S29: 0 | T29: 0 | U29: 1 | W29: 2 | X29: =SUMPRODUCT((MOD(ROW(H677:H751),3)=2)*H677:H751) -> 25 | Y29: =SUMPRODUCT((MOD(ROW(I677:I751),3)=2)*I677:I751)/25 -> 0 | Z29: =SUMPRODUCT((MOD(ROW(J677:J751),3)=2)*J677:J751)/25 -> 0.93088 | AA29: =SUMPRODUCT((MOD(ROW(L677:L751),3)=2)*L677:L751)/25 -> 0.83628 | AB29: =SUMPRODUCT((MOD(ROW(M677:M751),3)=2)*M677:M751)/25 -> 0 | AC29: =SUMPRODUCT((MOD(ROW(N677:N751),3)=2)*N677:N751)/25 -> 0 | AD29: =SUMPRODUCT((MOD(ROW(P677:P751),3)=2)*P677:P751)/25 -> 0 | AE29: =SUMPRODUCT((MOD(ROW(Q677:Q751),3)=2)*Q677:Q751)/25 -> 0 | AF29: =SUMPRODUCT((MOD(ROW(T677:T751),3)=2)*T677:T751)/25 -> 0
A30: 0 | B30: BM | C30: 0.2 | D30: 3 | E30: 10 | F30: 22 | G30: 22 | H30: =IF(F30=G30,1,0) -> 1 | I30: =(F30-G30)/G30*100 -> 0 | J30: 0.553 | K30: 0.023 | L30: 0.53 | M30: 0 | N30: 0 | O30: 0 | P30: 0 | Q30: 0 | R30: 0 | S30: 0 | T30: 0 | U30: 1 | W30: 3 | X30: =SUMPRODUCT((MOD(ROW(H677:H751),3)=0)*H677:H751) -> 24 | Y30: =SUMPRODUCT((MOD(ROW(I677:I751),3)=0)*I677:I751)/25 -> 0.14814815 | Z30: =SUMPRODUCT((MOD(ROW(J677:J751),3)=0)*J677:J751)/25 -> 145.10664 | AA30: =SUMPRODUCT((MOD(ROW(L677:L751),3)=0)*L677:L751)/25 -> 1.33392 | AB30: =SUMPRODUCT((MOD(ROW(M677:M751),3)=0)*M677:M751)/25 -> 0.53204 | AC30: =SUMPRODUCT((MOD(ROW(N677:N751),3)=0)*N677:N751)/25 -> 0.08664 | AD30: =SUMPRODUCT((MOD(ROW(P677:P751),3)=0)*P677:P751)/25 -> 679.4 | AE30: =SUMPRODUCT((MOD(ROW(Q677:Q751),3)=0)*Q677:Q751)/25 -> 196.04 | AF30: =SUMPRODUCT((MOD(ROW(T677:T751),3)=0)*T677:T751)/25 -> 43.88
A31: 0 | B31: BM | C31: 0.2 | D31: 4 | E31: 10 | F31: 22 | G31: 22 | H31: =IF(F31=G31,1,0) -> 1 | I31: =(F31-G31)/G31*100 -> 0 | J31: 0.593 | K31: 0.025 | L31: 0.568 | M31: 0 | N31: 0 | O31: 0 | P31: 0 | Q31: 0 | R31: 0 | S31: 0 | T31: 0 | U31: 1 | W31: 4 | X31: =SUMPRODUCT((MOD(ROW(H677:H751),3)=1)*H677:H751) -> 25 | Y31: =SUMPRODUCT((MOD(ROW(I677:I751),3)=1)*I677:I751)/25 -> 0 | Z31: =SUMPRODUCT((MOD(ROW(J677:J751),3)=1)*J677:J751)/25 -> 1.39552 | AA31: =SUMPRODUCT((MOD(ROW(L677:L751),3)=1)*L677:L751)/25 -> 1.30372 | AB31: =SUMPRODUCT((MOD(ROW(M677:M751),3)=1)*M677:M751)/25 -> 0 | AC31: =SUMPRODUCT((MOD(ROW(N677:N751),3)=1)*N677:N751)/25 -> 0 | AD31: =SUMPRODUCT((MOD(ROW(P677:P751),3)=1)*P677:P751)/25 -> 0 | AE31: =SUMPRODUCT((MOD(ROW(Q677:Q751),3)=1)*Q677:Q751)/25 -> 0 | AF31: =SUMPRODUCT((MOD(ROW(T677:T751),3)=1)*T677:T751)/25 -> 0
A32: 0 | B32: BM | C32: 0.2 | D32: 2 | E32: 11 | F32: 24 | G32: 24 | H32: =IF(F32=G32,1,0) -> 1 | I32: =(F32-G32)/G32*100 -> 0 | J32: 0.745 | K32: 0.023 | L32: 0.722 | M32: 0 | N32: 0 | O32: 0 | P32: 0 | Q32: 0 | R32: 0 | S32: 0 | T32: 0 | U32: 1 | W32: 2 | X32: =SUMPRODUCT((MOD(ROW(H752:H826),3)=2)*H752:H826) -> 25 | Y32: =SUMPRODUCT((MOD(ROW(I752:I826),3)=2)*I752:I826)/25 -> 0 | Z32: =SUMPRODUCT((MOD(ROW(J752:J826),3)=2)*J752:J826)/25 -> 0.36772 | AA32: =SUMPRODUCT((MOD(ROW(L752:L826),3)=2)*L752:L826)/25 -> 0.28988 | AB32: =SUMPRODUCT((MOD(ROW(M752:M826),3)=2)*M752:M826)/25 -> 0 | AC32: =SUMPRODUCT((MOD(ROW(N752:N826),3)=2)*N752:N826)/25 -> 0 | AD32: =SUMPRODUCT((MOD(ROW(P752:P826),3)=2)*P752:P826)/25 -> 0 | AE32: =SUMPRODUCT((MOD(ROW(Q752:Q826),3)=2)*Q752:Q826)/25 -> 0 | AF32: =SUMPRODUCT((MOD(ROW(T752:T826),3)=2)*T752:T826)/25 -> 0
A33: 0 | B33: BM | C33: 0.2 | D33: 3 | E33: 11 | F33: 24 | G33: 24 | H33: =IF(F33=G33,1,0) -> 1 | I33: =(F33-G33)/G33*100 -> 0 | J33: 0.805 | K33: 0.026 | L33: 0.779 | M33: 0 | N33: 0 | O33: 0 | P33: 0 | Q33: 0 | R33: 0 | S33: 0 | T33: 0 | U33: 1 | W33: 3 | X33: =SUMPRODUCT((MOD(ROW(H752:H826),3)=0)*H752:H826) -> 25 | Y33: =SUMPRODUCT((MOD(ROW(I752:I826),3)=0)*I752:I826)/25 -> 0 | Z33: =SUMPRODUCT((MOD(ROW(J752:J826),3)=0)*J752:J826)/25 -> 1.01336 | AA33: =SUMPRODUCT((MOD(ROW(L752:L826),3)=0)*L752:L826)/25 -> 0.936 | AB33: =SUMPRODUCT((MOD(ROW(M752:M826),3)=0)*M752:M826)/25 -> 0 | AC33: =SUMPRODUCT((MOD(ROW(N752:N826),3)=0)*N752:N826)/25 -> 0 | AD33: =SUMPRODUCT((MOD(ROW(P752:P826),3)=0)*P752:P826)/25 -> 0 | AE33: =SUMPRODUCT((MOD(ROW(Q752:Q826),3)=0)*Q752:Q826)/25 -> 0 | AF33: =SUMPRODUCT((MOD(ROW(T752:T826),3)=0)*T752:T826)/25 -> 0
A34: 0 | B34: BM | C34: 0.2 | D34: 4 | E34: 11 | F34: 24 | G34: 24 | H34: =IF(F34=G34,1,0) -> 1 | I34: =(F34-G34)/G34*100 -> 0 | J34: 0.828 | K34: 0.03 | L34: 0.798 | M34: 0 | N34: 0 | O34: 0 | P34: 0 | Q34: 0 | R34: 0 | S34: 0 | T34: 0 | U34: 1 | W34: 4 | X34: =SUMPRODUCT((MOD(ROW(H752:H826),3)=1)*H752:H826) -> 25 | Y34: =SUMPRODUCT((MOD(ROW(I752:I826),3)=1)*I752:I826)/25 -> 0 | Z34: =SUMPRODUCT((MOD(ROW(J752:J826),3)=1)*J752:J826)/25 -> 1.1456 | AA34: =SUMPRODUCT((MOD(ROW(L752:L826),3)=1)*L752:L826)/25 -> 1.06908 | AB34: =SUMPRODUCT((MOD(ROW(M752:M826),3)=1)*M752:M826)/25 -> 0 | AC34: =SUMPRODUCT((MOD(ROW(N752:N826),3)=1)*N752:N826)/25 -> 0 | AD34: =SUMPRODUCT((MOD(ROW(P752:P826),3)=1)*P752:P826)/25 -> 0 | AE34: =SUMPRODUCT((MOD(ROW(Q752:Q826),3)=1)*Q752:Q826)/25 -> 0 | AF34: =SUMPRODUCT((MOD(ROW(T752:T826),3)=1)*T752:T826)/25 -> 0
A35: 0 | B35: BM | C35: 0.2 | D35: 2 | E35: 12 | F35: 25 | G35: 25 | H35: =IF(F35=G35,1,0) -> 1 | I35: =(F35-G35)/G35*100 -> 0 | J35: 0.686 | K35: 0.022 | L35: 0.664 | M35: 0 | N35: 0 | O35: 0 | P35: 0 | Q35: 0 | R35: 0 | S35: 0 | T35: 0 | U35: 1 | W35: 2 | X35: =SUMPRODUCT((MOD(ROW(H827:H901),3)=2)*H827:H901) -> 24 | Y35: =SUMPRODUCT((MOD(ROW(I827:I901),3)=2)*I827:I901)/25 -> 0.071428571 | Z35: =SUMPRODUCT((MOD(ROW(J827:J901),3)=2)*J827:J901)/25 -> 147.00044 | AA35: =SUMPRODUCT((MOD(ROW(L827:L901),3)=2)*L827:L901)/25 -> 3.14656 | AB35: =SUMPRODUCT((MOD(ROW(M827:M901),3)=2)*M827:M901)/25 -> 0.04276 | AC35: =SUMPRODUCT((MOD(ROW(N827:N901),3)=2)*N827:N901)/25 -> 0.069 | AD35: =SUMPRODUCT((MOD(ROW(P827:P901),3)=2)*P827:P901)/25 -> 479.12 | AE35: =SUMPRODUCT((MOD(ROW(Q827:Q901),3)=2)*Q827:Q901)/25 -> 50.36 | AF35: =SUMPRODUCT((MOD(ROW(T827:T901),3)=2)*T827:T901)/25 -> 30.88
A36: 0 | B36: BM | C36: 0.2 | D36: 3 | E36: 12 | F36: 25 | G36: 25 | H36: =IF(F36=G36,1,0) -> 1 | I36: =(F36-G36)/G36*100 -> 0 | J36: 0.707 | K36: 0.023 | L36: 0.684 | M36: 0 | N36: 0 | O36: 0 | P36: 0 | Q36: 0 | R36: 0 | S36: 0 | T36: 0 | U36: 1 | W36: 3 | X36: =SUMPRODUCT((MOD(ROW(H827:H901),3)=0)*H827:H901) -> 23 | Y36: =SUMPRODUCT((MOD(ROW(I827:I901),3)=0)*I827:I901)/25 -> 0.14039409 | Z36: =SUMPRODUCT((MOD(ROW(J827:J901),3)=0)*J827:J901)/25 -> 290.55428 | AA36: =SUMPRODUCT((MOD(ROW(L827:L901),3)=0)*L827:L901)/25 -> 3.21088 | AB36: =SUMPRODUCT((MOD(ROW(M827:M901),3)=0)*M827:M901)/25 -> 0.07088 | AC36: =SUMPRODUCT((MOD(ROW(N827:N901),3)=0)*N827:N901)/25 -> 0.29344 | AD36: =SUMPRODUCT((MOD(ROW(P827:P901),3)=0)*P827:P901)/25 -> 644.4 | AE36: =SUMPRODUCT((MOD(ROW(Q827:Q901),3)=0)*Q827:Q901)/25 -> 575.08 | AF36: =SUMPRODUCT((MOD(ROW(T827:T901),3)=0)*T827:T901)/25 -> 81.28
A37: 0 | B37: BM | C37: 0.2 | D37: 4 | E37: 12 | F37: 25 | G37: 25 | H37: =IF(F37=G37,1,0) -> 1 | I37: =(F37-G37)/G37*100 -> 0 | J37: 0.663 | K37: 0.024 | L37: 0.639 | M37: 0 | N37: 0 | O37: 0 | P37: 0 | Q37: 0 | R37: 0 | S37: 0 | T37: 0 | U37: 1 | W37: 4 | X37: =SUMPRODUCT((MOD(ROW(H827:H901),3)=1)*H827:H901) -> 24 | Y37: =SUMPRODUCT((MOD(ROW(I827:I901),3)=1)*I827:I901)/25 -> 0.068965517 | Z37: =SUMPRODUCT((MOD(ROW(J827:J901),3)=1)*J827:J901)/25 -> 148.23668 | AA37: =SUMPRODUCT((MOD(ROW(L827:L901),3)=1)*L827:L901)/25 -> 3.72896 | AB37: =SUMPRODUCT((MOD(ROW(M827:M901),3)=1)*M827:M901)/25 -> 0.01952 | AC37: =SUMPRODUCT((MOD(ROW(N827:N901),3)=1)*N827:N901)/25 -> 0.06716 | AD37: =SUMPRODUCT((MOD(ROW(P827:P901),3)=1)*P827:P901)/25 -> 391.12 | AE37: =SUMPRODUCT((MOD(ROW(Q827:Q901),3)=1)*Q827:Q901)/25 -> 137.28 | AF37: =SUMPRODUCT((MOD(ROW(T827:T901),3)=1)*T827:T901)/25 -> 12.16
A38: 0 | B38: BM | C38: 0.2 | D38: 2 | E38: 13 | F38: 24 | G38: 24 | H38: =IF(F38=G38,1,0) -> 1 | I38: =(F38-G38)/G38*100 -> 0 | J38: 0.684 | K38: 0.024 | L38: 0.66 | M38: 0 | N38: 0 | O38: 0 | P38: 0 | Q38: 0 | R38: 0 | S38: 0 | T38: 0 | U38: 1 | W38: 2 | X38: =SUMPRODUCT((MOD(ROW(H902:H976),3)=2)*H902:H976) -> 25 | Y38: =SUMPRODUCT((MOD(ROW(I902:I976),3)=2)*I902:I976)/25 -> 0 | Z38: =SUMPRODUCT((MOD(ROW(J902:J976),3)=2)*J902:J976)/25 -> 0.79532 | AA38: =SUMPRODUCT((MOD(ROW(L902:L976),3)=2)*L902:L976)/25 -> 0.77152 | AB38: =SUMPRODUCT((MOD(ROW(M902:M976),3)=2)*M902:M976)/25 -> 0 | AC38: =SUMPRODUCT((MOD(ROW(N902:N976),3)=2)*N902:N976)/25 -> 0 | AD38: =SUMPRODUCT((MOD(ROW(P902:P976),3)=2)*P902:P976)/25 -> 0 | AE38: =SUMPRODUCT((MOD(ROW(Q902:Q976),3)=2)*Q902:Q976)/25 -> 0 | AF38: =SUMPRODUCT((MOD(ROW(T902:T976),3)=2)*T902:T976)/25 -> 0
A39: 0 | B39: BM | C39: 0.2 | D39: 3 | E39: 13 | F39: 24 | G39: 24 | H39: =IF(F39=G39,1,0) -> 1 | I39: =(F39-G39)/G39*100 -> 0 | J39: 0.696 | K39: 0.025 | L39: 0.671 | M39: 0 | N39: 0 | O39: 0 | P39: 0 | Q39: 0 | R39: 0 | S39: 0 | T39: 0 | U39: 1 | W39: 3 | X39: =SUMPRODUCT((MOD(ROW(H902:H976),3)=0)*H902:H976) -> 25 | Y39: =SUMPRODUCT((MOD(ROW(I902:I976),3)=0)*I902:I976)/25 -> 0 | Z39: =SUMPRODUCT((MOD(ROW(J902:J976),3)=0)*J902:J976)/25 -> 0.73324 | AA39: =SUMPRODUCT((MOD(ROW(L902:L976),3)=0)*L902:L976)/25 -> 0.70976 | AB39: =SUMPRODUCT((MOD(ROW(M902:M976),3)=0)*M902:M976)/25 -> 0 | AC39: =SUMPRODUCT((MOD(ROW(N902:N976),3)=0)*N902:N976)/25 -> 0 | AD39: =SUMPRODUCT((MOD(ROW(P902:P976),3)=0)*P902:P976)/25 -> 0 | AE39: =SUMPRODUCT((MOD(ROW(Q902:Q976),3)=0)*Q902:Q976)/25 -> 0 | AF39: =SUMPRODUCT((MOD(ROW(T902:T976),3)=0)*T902:T976)/25 -> 0
A40: 0 | B40: BM | C40: 0.2 | D40: 4 | E40: 13 | F40: 24 | G40: 24 | H40: =IF(F40=G40,1,0) -> 1 | I40: =(F40-G40)/G40*100 -> 0 | J40: 0.688 | K40: 0.024 | L40: 0.664 | M40: 0 | N40: 0 | O40: 0 | P40: 0 | Q40: 0 | R40: 0 | S40: 0 | T40: 0 | U40: 1 | W40: 4 | X40: =SUMPRODUCT((MOD(ROW(H902:H976),3)=1)*H902:H976) -> 25 | Y40: =SUMPRODUCT((MOD(ROW(I902:I976),3)=1)*I902:I976)/25 -> 0 | Z40: =SUMPRODUCT((MOD(ROW(J902:J976),3)=1)*J902:J976)/25 -> 0.71892 | AA40: =SUMPRODUCT((MOD(ROW(L902:L976),3)=1)*L902:L976)/25 -> 0.69428 | AB40: =SUMPRODUCT((MOD(ROW(M902:M976),3)=1)*M902:M976)/25 -> 0 | AC40: =SUMPRODUCT((MOD(ROW(N902:N976),3)=1)*N902:N976)/25 -> 0 | AD40: =SUMPRODUCT((MOD(ROW(P902:P976),3)=1)*P902:P976)/25 -> 0 | AE40: =SUMPRODUCT((MOD(ROW(Q902:Q976),3)=1)*Q902:Q976)/25 -> 0 | AF40: =SUMPRODUCT((MOD(ROW(T902:T976),3)=1)*T902:T976)/25 -> 0
A41: 0 | B41: BM | C41: 0.2 | D41: 2 | E41: 14 | F41: 21 | G41: 21 | H41: =IF(F41=G41,1,0) -> 1 | I41: =(F41-G41)/G41*100 -> 0 | J41: 0.6 | K41: 0.024 | L41: 0.576 | M41: 0 | N41: 0 | O41: 0 | P41: 0 | Q41: 0 | R41: 0 | S41: 0 | T41: 0 | U41: 1 | W41: 2 | X41: =SUMPRODUCT((MOD(ROW(H977:H1051),3)=2)*H977:H1051) -> 25 | Y41: =SUMPRODUCT((MOD(ROW(I977:I1051),3)=2)*I977:I1051)/25 -> 0 | Z41: =SUMPRODUCT((MOD(ROW(J977:J1051),3)=2)*J977:J1051)/25 -> 0.76884 | AA41: =SUMPRODUCT((MOD(ROW(L977:L1051),3)=2)*L977:L1051)/25 -> 0.74728 | AB41: =SUMPRODUCT((MOD(ROW(M977:M1051),3)=2)*M977:M1051)/25 -> 0 | AC41: =SUMPRODUCT((MOD(ROW(N977:N1051),3)=2)*N977:N1051)/25 -> 0 | AD41: =SUMPRODUCT((MOD(ROW(P977:P1051),3)=2)*P977:P1051)/25 -> 0 | AE41: =SUMPRODUCT((MOD(ROW(Q977:Q1051),3)=2)*Q977:Q1051)/25 -> 0 | AF41: =SUMPRODUCT((MOD(ROW(T977:T1051),3)=2)*T977:T1051)/25 -> 0
A42: 0 | B42: BM | C42: 0.2 | D42: 3 | E42: 14 | F42: 21 | G42: 21 | H42: =IF(F42=G42,1,0) -> 1 | I42: =(F42-G42)/G42*100 -> 0 | J42: 0.586 | K42: 0.025 | L42: 0.561 | M42: 0 | N42: 0 | O42: 0 | P42: 0 | Q42: 0 | R42: 0 | S42: 0 | T42: 0 | U42: 1 | W42: 3 | X42: =SUMPRODUCT((MOD(ROW(H977:H1051),3)=0)*H977:H1051) -> 25 | Y42: =SUMPRODUCT((MOD(ROW(I977:I1051),3)=0)*I977:I1051)/25 -> 0 | Z42: =SUMPRODUCT((MOD(ROW(J977:J1051),3)=0)*J977:J1051)/25 -> 0.74652 | AA42: =SUMPRODUCT((MOD(ROW(L977:L1051),3)=0)*L977:L1051)/25 -> 0.7252 | AB42: =SUMPRODUCT((MOD(ROW(M977:M1051),3)=0)*M977:M1051)/25 -> 0 | AC42: =SUMPRODUCT((MOD(ROW(N977:N1051),3)=0)*N977:N1051)/25 -> 0 | AD42: =SUMPRODUCT((MOD(ROW(P977:P1051),3)=0)*P977:P1051)/25 -> 0 | AE42: =SUMPRODUCT((MOD(ROW(Q977:Q1051),3)=0)*Q977:Q1051)/25 -> 0 | AF42: =SUMPRODUCT((MOD(ROW(T977:T1051),3)=0)*T977:T1051)/25 -> 0
A43: 0 | B43: BM | C43: 0.2 | D43: 4 | E43: 14 | F43: 21 | G43: 21 | H43: =IF(F43=G43,1,0) -> 1 | I43: =(F43-G43)/G43*100 -> 0 | J43: 0.565 | K43: 0.024 | L43: 0.541 | M43: 0 | N43: 0 | O43: 0 | P43: 0 | Q43: 0 | R43: 0 | S43: 0 | T43: 0 | U43: 1 | W43: 4 | X43: =SUMPRODUCT((MOD(ROW(H977:H1051),3)=1)*H977:H1051) -> 25 | Y43: =SUMPRODUCT((MOD(ROW(I977:I1051),3)=1)*I977:I1051)/25 -> 0 | Z43: =SUMPRODUCT((MOD(ROW(J977:J1051),3)=1)*J977:J1051)/25 -> 10.10616 | AA43: =SUMPRODUCT((MOD(ROW(L977:L1051),3)=1)*L977:L1051)/25 -> 1.21704 | AB43: =SUMPRODUCT((MOD(ROW(M977:M1051),3)=1)*M977:M1051)/25 -> 0.59544 | AC43: =SUMPRODUCT((MOD(ROW(N977:N1051),3)=1)*N977:N1051)/25 -> 0.00592 | AD43: =SUMPRODUCT((MOD(ROW(P977:P1051),3)=1)*P977:P1051)/25 -> 1188.36 | AE43: =SUMPRODUCT((MOD(ROW(Q977:Q1051),3)=1)*Q977:Q1051)/25 -> 50.96 | AF43: =SUMPRODUCT((MOD(ROW(T977:T1051),3)=1)*T977:T1051)/25 -> 3.32
A44: 0 | B44: BM | C44: 0.2 | D44: 2 | E44: 15 | F44: 24 | G44: 24 | H44: =IF(F44=G44,1,0) -> 1 | I44: =(F44-G44)/G44*100 -> 0 | J44: 0.64 | K44: 0.026 | L44: 0.614 | M44: 0 | N44: 0 | O44: 0 | P44: 0 | Q44: 0 | R44: 0 | S44: 0 | T44: 0 | U44: 1 | W44: 2 | X44: =SUMPRODUCT((MOD(ROW(H1052:H1126),3)=2)*H1052:H1126) -> 23 | Y44: =SUMPRODUCT((MOD(ROW(I1052:I1126),3)=2)*I1052:I1126)/25 -> 0.15407407 | Z44: =SUMPRODUCT((MOD(ROW(J1052:J1126),3)=2)*J1052:J1126)/25 -> 313.45784 | AA44: =SUMPRODUCT((MOD(ROW(L1052:L1126),3)=2)*L1052:L1126)/25 -> 2.62244 | AB44: =SUMPRODUCT((MOD(ROW(M1052:M1126),3)=2)*M1052:M1126)/25 -> 0.6578 | AC44: =SUMPRODUCT((MOD(ROW(N1052:N1126),3)=2)*N1052:N1126)/25 -> 0.48672 | AD44: =SUMPRODUCT((MOD(ROW(P1052:P1126),3)=2)*P1052:P1126)/25 -> 2127.28 | AE44: =SUMPRODUCT((MOD(ROW(Q1052:Q1126),3)=2)*Q1052:Q1126)/25 -> 160.08 | AF44: =SUMPRODUCT((MOD(ROW(T1052:T1126),3)=2)*T1052:T1126)/25 -> 246.76
A45: 0 | B45: BM | C45: 0.2 | D45: 3 | E45: 15 | F45: 24 | G45: 24 | H45: =IF(F45=G45,1,0) -> 1 | I45: =(F45-G45)/G45*100 -> 0 | J45: 0.701 | K45: 0.026 | L45: 0.675 | M45: 0 | N45: 0 | O45: 0 | P45: 0 | Q45: 0 | R45: 0 | S45: 0 | T45: 0 | U45: 1 | W45: 3 | X45: =SUMPRODUCT((MOD(ROW(H1052:H1126),3)=0)*H1052:H1126) -> 24 | Y45: =SUMPRODUCT((MOD(ROW(I1052:I1126),3)=0)*I1052:I1126)/25 -> 0.078431373 | Z45: =SUMPRODUCT((MOD(ROW(J1052:J1126),3)=0)*J1052:J1126)/25 -> 226.11024 | AA45: =SUMPRODUCT((MOD(ROW(L1052:L1126),3)=0)*L1052:L1126)/25 -> 2.93204 | AB45: =SUMPRODUCT((MOD(ROW(M1052:M1126),3)=0)*M1052:M1126)/25 -> 0.53196 | AC45: =SUMPRODUCT((MOD(ROW(N1052:N1126),3)=0)*N1052:N1126)/25 -> 0.82584 | AD45: =SUMPRODUCT((MOD(ROW(P1052:P1126),3)=0)*P1052:P1126)/25 -> 1756.16 | AE45: =SUMPRODUCT((MOD(ROW(Q1052:Q1126),3)=0)*Q1052:Q1126)/25 -> 1478.88 | AF45: =SUMPRODUCT((MOD(ROW(T1052:T1126),3)=0)*T1052:T1126)/25 -> 153.12
A46: 0 | B46: BM | C46: 0.2 | D46: 4 | E46: 15 | F46: 24 | G46: 24 | H46: =IF(F46=G46,1,0) -> 1 | I46: =(F46-G46)/G46*100 -> 0 | J46: 0.738 | K46: 0.027 | L46: 0.711 | M46: 0 | N46: 0 | O46: 0 | P46: 0 | Q46: 0 | R46: 0 | S46: 0 | T46: 0 | U46: 1 | W46: 4 | X46: =SUMPRODUCT((MOD(ROW(H1052:H1126),3)=1)*H1052:H1126) -> 23 | Y46: =SUMPRODUCT((MOD(ROW(I1052:I1126),3)=1)*I1052:I1126)/25 -> 0.1554717 | Z46: =SUMPRODUCT((MOD(ROW(J1052:J1126),3)=1)*J1052:J1126)/25 -> 344.28692 | AA46: =SUMPRODUCT((MOD(ROW(L1052:L1126),3)=1)*L1052:L1126)/25 -> 2.38568 | AB46: =SUMPRODUCT((MOD(ROW(M1052:M1126),3)=1)*M1052:M1126)/25 -> 1.03972 | AC46: =SUMPRODUCT((MOD(ROW(N1052:N1126),3)=1)*N1052:N1126)/25 -> 0.90992 | AD46: =SUMPRODUCT((MOD(ROW(P1052:P1126),3)=1)*P1052:P1126)/25 -> 1984.96 | AE46: =SUMPRODUCT((MOD(ROW(Q1052:Q1126),3)=1)*Q1052:Q1126)/25 -> 1987.08 | AF46: =SUMPRODUCT((MOD(ROW(T1052:T1126),3)=1)*T1052:T1126)/25 -> 191.28
A47: 0 | B47: BM | C47: 0.2 | D47: 2 | E47: 16 | F47: 23 | G47: 23 | H47: =IF(F47=G47,1,0) -> 1 | I47: =(F47-G47)/G47*100 -> 0 | J47: 0.676 | K47: 0.032 | L47: 0.644 | M47: 0 | N47: 0 | O47: 0 | P47: 0 | Q47: 0 | R47: 0 | S47: 0 | T47: 0 | U47: 1 | W47: 2 | X47: =SUMPRODUCT((MOD(ROW(H1127:H1201),3)=2)*H1127:H1201) -> 25 | Y47: =SUMPRODUCT((MOD(ROW(I1127:I1201),3)=2)*I1127:I1201)/25 -> 0 | Z47: =SUMPRODUCT((MOD(ROW(J1127:J1201),3)=2)*J1127:J1201)/25 -> 0.74168 | AA47: =SUMPRODUCT((MOD(ROW(L1127:L1201),3)=2)*L1127:L1201)/25 -> 0.6132 | AB47: =SUMPRODUCT((MOD(ROW(M1127:M1201),3)=2)*M1127:M1201)/25 -> 0 | AC47: =SUMPRODUCT((MOD(ROW(N1127:N1201),3)=2)*N1127:N1201)/25 -> 0 | AD47: =SUMPRODUCT((MOD(ROW(P1127:P1201),3)=2)*P1127:P1201)/25 -> 0 | AE47: =SUMPRODUCT((MOD(ROW(Q1127:Q1201),3)=2)*Q1127:Q1201)/25 -> 0 | AF47: =SUMPRODUCT((MOD(ROW(T1127:T1201),3)=2)*T1127:T1201)/25 -> 0
A48: 0 | B48: BM | C48: 0.2 | D48: 3 | E48: 16 | F48: 23 | G48: 23 | H48: =IF(F48=G48,1,0) -> 1 | I48: =(F48-G48)/G48*100 -> 0 | J48: 0.687 | K48: 0.03 | L48: 0.657 | M48: 0 | N48: 0 | O48: 0 | P48: 0 | Q48: 0 | R48: 0 | S48: 0 | T48: 0 | U48: 1 | W48: 3 | X48: =SUMPRODUCT((MOD(ROW(H1127:H1201),3)=0)*H1127:H1201) -> 25 | Y48: =SUMPRODUCT((MOD(ROW(I1127:I1201),3)=0)*I1127:I1201)/25 -> 0 | Z48: =SUMPRODUCT((MOD(ROW(J1127:J1201),3)=0)*J1127:J1201)/25 -> 0.91264 | AA48: =SUMPRODUCT((MOD(ROW(L1127:L1201),3)=0)*L1127:L1201)/25 -> 0.7838 | AB48: =SUMPRODUCT((MOD(ROW(M1127:M1201),3)=0)*M1127:M1201)/25 -> 0 | AC48: =SUMPRODUCT((MOD(ROW(N1127:N1201),3)=0)*N1127:N1201)/25 -> 0 | AD48: =SUMPRODUCT((MOD(ROW(P1127:P1201),3)=0)*P1127:P1201)/25 -> 0 | AE48: =SUMPRODUCT((MOD(ROW(Q1127:Q1201),3)=0)*Q1127:Q1201)/25 -> 0 | AF48: =SUMPRODUCT((MOD(ROW(T1127:T1201),3)=0)*T1127:T1201)/25 -> 0
A49: 0 | B49: BM | C49: 0.2 | D49: 4 | E49: 16 | F49: 23 | G49: 23 | H49: =IF(F49=G49,1,0) -> 1 | I49: =(F49-G49)/G49*100 -> 0 | J49: 0.688 | K49: 0.029 | L49: 0.659 | M49: 0 | N49: 0 | O49: 0 | P49: 0 | Q49: 0 | R49: 0 | S49: 0 | T49: 0 | U49: 1 | W49: 4 | X49: =SUMPRODUCT((MOD(ROW(H1127:H1201),3)=1)*H1127:H1201) -> 25 | Y49: =SUMPRODUCT((MOD(ROW(I1127:I1201),3)=1)*I1127:I1201)/25 -> 0 | Z49: =SUMPRODUCT((MOD(ROW(J1127:J1201),3)=1)*J1127:J1201)/25 -> 1.06208 | AA49: =SUMPRODUCT((MOD(ROW(L1127:L1201),3)=1)*L1127:L1201)/25 -> 0.93896 | AB49: =SUMPRODUCT((MOD(ROW(M1127:M1201),3)=1)*M1127:M1201)/25 -> 0 | AC49: =SUMPRODUCT((MOD(ROW(N1127:N1201),3)=1)*N1127:N1201)/25 -> 0 | AD49: =SUMPRODUCT((MOD(ROW(P1127:P1201),3)=1)*P1127:P1201)/25 -> 0 | AE49: =SUMPRODUCT((MOD(ROW(Q1127:Q1201),3)=1)*Q1127:Q1201)/25 -> 0 | AF49: =SUMPRODUCT((MOD(ROW(T1127:T1201),3)=1)*T1127:T1201)/25 -> 0
A50: 0 | B50: BM | C50: 0.2 | D50: 2 | E50: 17 | F50: 21 | G50: 21 | H50: =IF(F50=G50,1,0) -> 1 | I50: =(F50-G50)/G50*100 -> 0 | J50: 0.701 | K50: 0.023 | L50: 0.678 | M50: 0 | N50: 0 | O50: 0 | P50: 0 | Q50: 0 | R50: 0 | S50: 0 | T50: 0 | U50: 1 | W50: 2 | X50: =SUMPRODUCT((MOD(ROW(H1202:H1276),3)=2)*H1202:H1276) -> 25 | Y50: =SUMPRODUCT((MOD(ROW(I1202:I1276),3)=2)*I1202:I1276)/25 -> 0 | Z50: =SUMPRODUCT((MOD(ROW(J1202:J1276),3)=2)*J1202:J1276)/25 -> 0.51896 | AA50: =SUMPRODUCT((MOD(ROW(L1202:L1276),3)=2)*L1202:L1276)/25 -> 0.42268 | AB50: =SUMPRODUCT((MOD(ROW(M1202:M1276),3)=2)*M1202:M1276)/25 -> 0 | AC50: =SUMPRODUCT((MOD(ROW(N1202:N1276),3)=2)*N1202:N1276)/25 -> 0 | AD50: =SUMPRODUCT((MOD(ROW(P1202:P1276),3)=2)*P1202:P1276)/25 -> 0 | AE50: =SUMPRODUCT((MOD(ROW(Q1202:Q1276),3)=2)*Q1202:Q1276)/25 -> 0 | AF50: =SUMPRODUCT((MOD(ROW(T1202:T1276),3)=2)*T1202:T1276)/25 -> 0
A51: 0 | B51: BM | C51: 0.2 | D51: 3 | E51: 17 | F51: 21 | G51: 21 | H51: =IF(F51=G51,1,0) -> 1 | I51: =(F51-G51)/G51*100 -> 0 | J51: 0.644 | K51: 0.023 | L51: 0.621 | M51: 0 | N51: 0 | O51: 0 | P51: 0 | Q51: 0 | R51: 0 | S51: 0 | T51: 0 | U51: 1 | W51: 3 | X51: =SUMPRODUCT((MOD(ROW(H1202:H1276),3)=0)*H1202:H1276) -> 25 | Y51: =SUMPRODUCT((MOD(ROW(I1202:I1276),3)=0)*I1202:I1276)/25 -> 0 | Z51: =SUMPRODUCT((MOD(ROW(J1202:J1276),3)=0)*J1202:J1276)/25 -> 0.95644 | AA51: =SUMPRODUCT((MOD(ROW(L1202:L1276),3)=0)*L1202:L1276)/25 -> 0.85832 | AB51: =SUMPRODUCT((MOD(ROW(M1202:M1276),3)=0)*M1202:M1276)/25 -> 0 | AC51: =SUMPRODUCT((MOD(ROW(N1202:N1276),3)=0)*N1202:N1276)/25 -> 0 | AD51: =SUMPRODUCT((MOD(ROW(P1202:P1276),3)=0)*P1202:P1276)/25 -> 0 | AE51: =SUMPRODUCT((MOD(ROW(Q1202:Q1276),3)=0)*Q1202:Q1276)/25 -> 0 | AF51: =SUMPRODUCT((MOD(ROW(T1202:T1276),3)=0)*T1202:T1276)/25 -> 0
A52: 0 | B52: BM | C52: 0.2 | D52: 4 | E52: 17 | F52: 21 | G52: 21 | H52: =IF(F52=G52,1,0) -> 1 | I52: =(F52-G52)/G52*100 -> 0 | J52: 0.661 | K52: 0.024 | L52: 0.637 | M52: 0 | N52: 0 | O52: 0 | P52: 0 | Q52: 0 | R52: 0 | S52: 0 | T52: 0 | U52: 1 | W52: 4 | X52: =SUMPRODUCT((MOD(ROW(H1202:H1276),3)=1)*H1202:H1276) -> 25 | Y52: =SUMPRODUCT((MOD(ROW(I1202:I1276),3)=1)*I1202:I1276)/25 -> 0 | Z52: =SUMPRODUCT((MOD(ROW(J1202:J1276),3)=1)*J1202:J1276)/25 -> 1.30596 | AA52: =SUMPRODUCT((MOD(ROW(L1202:L1276),3)=1)*L1202:L1276)/25 -> 1.20844 | AB52: =SUMPRODUCT((MOD(ROW(M1202:M1276),3)=1)*M1202:M1276)/25 -> 0 | AC52: =SUMPRODUCT((MOD(ROW(N1202:N1276),3)=1)*N1202:N1276)/25 -> 0 | AD52: =SUMPRODUCT((MOD(ROW(P1202:P1276),3)=1)*P1202:P1276)/25 -> 0 | AE52: =SUMPRODUCT((MOD(ROW(Q1202:Q1276),3)=1)*Q1202:Q1276)/25 -> 0 | AF52: =SUMPRODUCT((MOD(ROW(T1202:T1276),3)=1)*T1202:T1276)/25 -> 0
A53: 0 | B53: BM | C53: 0.2 | D53: 2 | E53: 18 | F53: 20 | G53: 20 | H53: =IF(F53=G53,1,0) -> 1 | I53: =(F53-G53)/G53*100 -> 0 | J53: 0.66 | K53: 0.018 | L53: 0.642 | M53: 0 | N53: 0 | O53: 0 | P53: 0 | Q53: 0 | R53: 0 | S53: 0 | T53: 0 | U53: 1 | W53: 2 | X53: =SUMPRODUCT((MOD(ROW(H1277:H1351),3)=2)*H1277:H1351) -> 23 | Y53: =SUMPRODUCT((MOD(ROW(I1277:I1351),3)=2)*I1277:I1351)/25 -> 0.14622798 | Z53: =SUMPRODUCT((MOD(ROW(J1277:J1351),3)=2)*J1277:J1351)/25 -> 293.15116 | AA53: =SUMPRODUCT((MOD(ROW(L1277:L1351),3)=2)*L1277:L1351)/25 -> 4.27636 | AB53: =SUMPRODUCT((MOD(ROW(M1277:M1351),3)=2)*M1277:M1351)/25 -> 0.1008 | AC53: =SUMPRODUCT((MOD(ROW(N1277:N1351),3)=2)*N1277:N1351)/25 -> 0.4636 | AD53: =SUMPRODUCT((MOD(ROW(P1277:P1351),3)=2)*P1277:P1351)/25 -> 975.16 | AE53: =SUMPRODUCT((MOD(ROW(Q1277:Q1351),3)=2)*Q1277:Q1351)/25 -> 255.52 | AF53: =SUMPRODUCT((MOD(ROW(T1277:T1351),3)=2)*T1277:T1351)/25 -> 51.24
A54: 0 | B54: BM | C54: 0.2 | D54: 3 | E54: 18 | F54: 20 | G54: 20 | H54: =IF(F54=G54,1,0) -> 1 | I54: =(F54-G54)/G54*100 -> 0 | J54: 0.632 | K54: 0.022 | L54: 0.61 | M54: 0 | N54: 0 | O54: 0 | P54: 0 | Q54: 0 | R54: 0 | S54: 0 | T54: 0 | U54: 1 | W54: 3 | X54: =SUMPRODUCT((MOD(ROW(H1277:H1351),3)=0)*H1277:H1351) -> 24 | Y54: =SUMPRODUCT((MOD(ROW(I1277:I1351),3)=0)*I1277:I1351)/25 -> 0.06779661 | Z54: =SUMPRODUCT((MOD(ROW(J1277:J1351),3)=0)*J1277:J1351)/25 -> 148.91804 | AA54: =SUMPRODUCT((MOD(ROW(L1277:L1351),3)=0)*L1277:L1351)/25 -> 4.00412 | AB54: =SUMPRODUCT((MOD(ROW(M1277:M1351),3)=0)*M1277:M1351)/25 -> 0.06068 | AC54: =SUMPRODUCT((MOD(ROW(N1277:N1351),3)=0)*N1277:N1351)/25 -> 0.26352 | AD54: =SUMPRODUCT((MOD(ROW(P1277:P1351),3)=0)*P1277:P1351)/25 -> 706.56 | AE54: =SUMPRODUCT((MOD(ROW(Q1277:Q1351),3)=0)*Q1277:Q1351)/25 -> 188.08 | AF54: =SUMPRODUCT((MOD(ROW(T1277:T1351),3)=0)*T1277:T1351)/25 -> 29.84
A55: 0 | B55: BM | C55: 0.2 | D55: 4 | E55: 18 | F55: 20 | G55: 20 | H55: =IF(F55=G55,1,0) -> 1 | I55: =(F55-G55)/G55*100 -> 0 | J55: 0.588 | K55: 0.019 | L55: 0.569 | M55: 0 | N55: 0 | O55: 0 | P55: 0 | Q55: 0 | R55: 0 | S55: 0 | T55: 0 | U55: 1 | W55: 4 | X55: =SUMPRODUCT((MOD(ROW(H1277:H1351),3)=1)*H1277:H1351) -> 23 | Y55: =SUMPRODUCT((MOD(ROW(I1277:I1351),3)=1)*I1277:I1351)/25 -> 0.15390307 | Z55: =SUMPRODUCT((MOD(ROW(J1277:J1351),3)=1)*J1277:J1351)/25 -> 292.84492 | AA55: =SUMPRODUCT((MOD(ROW(L1277:L1351),3)=1)*L1277:L1351)/25 -> 3.88812 | AB55: =SUMPRODUCT((MOD(ROW(M1277:M1351),3)=1)*M1277:M1351)/25 -> 0.13084 | AC55: =SUMPRODUCT((MOD(ROW(N1277:N1351),3)=1)*N1277:N1351)/25 -> 0.32028 | AD55: =SUMPRODUCT((MOD(ROW(P1277:P1351),3)=1)*P1277:P1351)/25 -> 972.68 | AE55: =SUMPRODUCT((MOD(ROW(Q1277:Q1351),3)=1)*Q1277:Q1351)/25 -> 1054.76 | AF55: =SUMPRODUCT((MOD(ROW(T1277:T1351),3)=1)*T1277:T1351)/25 -> 48.32
A56: 0 | B56: BM | C56: 0.2 | D56: 2 | E56: 19 | F56: 23 | G56: 23 | H56: =IF(F56=G56,1,0) -> 1 | I56: =(F56-G56)/G56*100 -> 0 | J56: 0.71 | K56: 0.027 | L56: 0.683 | M56: 0 | N56: 0 | O56: 0 | P56: 0 | Q56: 0 | R56: 0 | S56: 0 | T56: 0 | U56: 1 | W56: 2 | X56: =SUMPRODUCT((MOD(ROW(H1352:H1426),3)=2)*H1352:H1426) -> 25 | Y56: =SUMPRODUCT((MOD(ROW(I1352:I1426),3)=2)*I1352:I1426)/25 -> 0 | Z56: =SUMPRODUCT((MOD(ROW(J1352:J1426),3)=2)*J1352:J1426)/25 -> 0.24252 | AA56: =SUMPRODUCT((MOD(ROW(L1352:L1426),3)=2)*L1352:L1426)/25 -> 0.0988 | AB56: =SUMPRODUCT((MOD(ROW(M1352:M1426),3)=2)*M1352:M1426)/25 -> 0 | AC56: =SUMPRODUCT((MOD(ROW(N1352:N1426),3)=2)*N1352:N1426)/25 -> 0 | AD56: =SUMPRODUCT((MOD(ROW(P1352:P1426),3)=2)*P1352:P1426)/25 -> 0 | AE56: =SUMPRODUCT((MOD(ROW(Q1352:Q1426),3)=2)*Q1352:Q1426)/25 -> 0 | AF56: =SUMPRODUCT((MOD(ROW(T1352:T1426),3)=2)*T1352:T1426)/25 -> 0
A57: 0 | B57: BM | C57: 0.2 | D57: 3 | E57: 19 | F57: 23 | G57: 23 | H57: =IF(F57=G57,1,0) -> 1 | I57: =(F57-G57)/G57*100 -> 0 | J57: 0.685 | K57: 0.027 | L57: 0.658 | M57: 0 | N57: 0 | O57: 0 | P57: 0 | Q57: 0 | R57: 0 | S57: 0 | T57: 0 | U57: 1 | W57: 3 | X57: =SUMPRODUCT((MOD(ROW(H1352:H1426),3)=0)*H1352:H1426) -> 25 | Y57: =SUMPRODUCT((MOD(ROW(I1352:I1426),3)=0)*I1352:I1426)/25 -> 0 | Z57: =SUMPRODUCT((MOD(ROW(J1352:J1426),3)=0)*J1352:J1426)/25 -> 0.24292 | AA57: =SUMPRODUCT((MOD(ROW(L1352:L1426),3)=0)*L1352:L1426)/25 -> 0.0988 | AB57: =SUMPRODUCT((MOD(ROW(M1352:M1426),3)=0)*M1352:M1426)/25 -> 0 | AC57: =SUMPRODUCT((MOD(ROW(N1352:N1426),3)=0)*N1352:N1426)/25 -> 0 | AD57: =SUMPRODUCT((MOD(ROW(P1352:P1426),3)=0)*P1352:P1426)/25 -> 0 | AE57: =SUMPRODUCT((MOD(ROW(Q1352:Q1426),3)=0)*Q1352:Q1426)/25 -> 0 | AF57: =SUMPRODUCT((MOD(ROW(T1352:T1426),3)=0)*T1352:T1426)/25 -> 0
A58: 0 | B58: BM | C58: 0.2 | D58: 4 | E58: 19 | F58: 23 | G58: 23 | H58: =IF(F58=G58,1,0) -> 1 | I58: =(F58-G58)/G58*100 -> 0 | J58: 0.624 | K58: 0.026 | L58: 0.598 | M58: 0 | N58: 0 | O58: 0 | P58: 0 | Q58: 0 | R58: 0 | S58: 0 | T58: 0 | U58: 1 | W58: 4 | X58: =SUMPRODUCT((MOD(ROW(H1352:H1426),3)=1)*H1352:H1426) -> 25 | Y58: =SUMPRODUCT((MOD(ROW(I1352:I1426),3)=1)*I1352:I1426)/25 -> 0 | Z58: =SUMPRODUCT((MOD(ROW(J1352:J1426),3)=1)*J1352:J1426)/25 -> 0.27144 | AA58: =SUMPRODUCT((MOD(ROW(L1352:L1426),3)=1)*L1352:L1426)/25 -> 0.12488 | AB58: =SUMPRODUCT((MOD(ROW(M1352:M1426),3)=1)*M1352:M1426)/25 -> 0 | AC58: =SUMPRODUCT((MOD(ROW(N1352:N1426),3)=1)*N1352:N1426)/25 -> 0 | AD58: =SUMPRODUCT((MOD(ROW(P1352:P1426),3)=1)*P1352:P1426)/25 -> 0 | AE58: =SUMPRODUCT((MOD(ROW(Q1352:Q1426),3)=1)*Q1352:Q1426)/25 -> 0 | AF58: =SUMPRODUCT((MOD(ROW(T1352:T1426),3)=1)*T1352:T1426)/25 -> 0
A59: 0 | B59: BM | C59: 0.2 | D59: 2 | E59: 20 | F59: 21 | G59: 21 | H59: =IF(F59=G59,1,0) -> 1 | I59: =(F59-G59)/G59*100 -> 0 | J59: 0.554 | K59: 0.026 | L59: 0.528 | M59: 0 | N59: 0 | O59: 0 | P59: 0 | Q59: 0 | R59: 0 | S59: 0 | T59: 0 | U59: 1 | W59: 2 | X59: =SUMPRODUCT((MOD(ROW(H1427:H1501),3)=2)*H1427:H1501) -> 25 | Y59: =SUMPRODUCT((MOD(ROW(I1427:I1501),3)=2)*I1427:I1501)/25 -> 0 | Z59: =SUMPRODUCT((MOD(ROW(J1427:J1501),3)=2)*J1427:J1501)/25 -> 0.12684 | AA59: =SUMPRODUCT((MOD(ROW(L1427:L1501),3)=2)*L1427:L1501)/25 -> 8e-05 | AB59: =SUMPRODUCT((MOD(ROW(M1427:M1501),3)=2)*M1427:M1501)/25 -> 0 | AC59: =SUMPRODUCT((MOD(ROW(N1427:N1501),3)=2)*N1427:N1501)/25 -> 0 | AD59: =SUMPRODUCT((MOD(ROW(P1427:P1501),3)=2)*P1427:P1501)/25 -> 0 | AE59: =SUMPRODUCT((MOD(ROW(Q1427:Q1501),3)=2)*Q1427:Q1501)/25 -> 0 | AF59: =SUMPRODUCT((MOD(ROW(T1427:T1501),3)=2)*T1427:T1501)/25 -> 0
A60: 0 | B60: BM | C60: 0.2 | D60: 3 | E60: 20 | F60: 21 | G60: 21 | H60: =IF(F60=G60,1,0) -> 1 | I60: =(F60-G60)/G60*100 -> 0 | J60: 0.567 | K60: 0.023 | L60: 0.544 | M60: 0 | N60: 0 | O60: 0 | P60: 0 | Q60: 0 | R60: 0 | S60: 0 | T60: 0 | U60: 1 | W60: 3 | X60: =SUMPRODUCT((MOD(ROW(H1427:H1501),3)=0)*H1427:H1501) -> 25 | Y60: =SUMPRODUCT((MOD(ROW(I1427:I1501),3)=0)*I1427:I1501)/25 -> 0 | Z60: =SUMPRODUCT((MOD(ROW(J1427:J1501),3)=0)*J1427:J1501)/25 -> 0.1292 | AA60: =SUMPRODUCT((MOD(ROW(L1427:L1501),3)=0)*L1427:L1501)/25 -> 0.00012 | AB60: =SUMPRODUCT((MOD(ROW(M1427:M1501),3)=0)*M1427:M1501)/25 -> 0 | AC60: =SUMPRODUCT((MOD(ROW(N1427:N1501),3)=0)*N1427:N1501)/25 -> 0 | AD60: =SUMPRODUCT((MOD(ROW(P1427:P1501),3)=0)*P1427:P1501)/25 -> 0 | AE60: =SUMPRODUCT((MOD(ROW(Q1427:Q1501),3)=0)*Q1427:Q1501)/25 -> 0 | AF60: =SUMPRODUCT((MOD(ROW(T1427:T1501),3)=0)*T1427:T1501)/25 -> 0
A61: 0 | B61: BM | C61: 0.2 | D61: 4 | E61: 20 | F61: 21 | G61: 21 | H61: =IF(F61=G61,1,0) -> 1 | I61: =(F61-G61)/G61*100 -> 0 | J61: 0.521 | K61: 0.025 | L61: 0.496 | M61: 0 | N61: 0 | O61: 0 | P61: 0 | Q61: 0 | R61: 0 | S61: 0 | T61: 0 | U61: 1 | W61: 4 | X61: =SUMPRODUCT((MOD(ROW(H1427:H1501),3)=1)*H1427:H1501) -> 25 | Y61: =SUMPRODUCT((MOD(ROW(I1427:I1501),3)=1)*I1427:I1501)/25 -> 0 | Z61: =SUMPRODUCT((MOD(ROW(J1427:J1501),3)=1)*J1427:J1501)/25 -> 0.13068 | AA61: =SUMPRODUCT((MOD(ROW(L1427:L1501),3)=1)*L1427:L1501)/25 -> 0.0002 | AB61: =SUMPRODUCT((MOD(ROW(M1427:M1501),3)=1)*M1427:M1501)/25 -> 0 | AC61: =SUMPRODUCT((MOD(ROW(N1427:N1501),3)=1)*N1427:N1501)/25 -> 0 | AD61: =SUMPRODUCT((MOD(ROW(P1427:P1501),3)=1)*P1427:P1501)/25 -> 0 | AE61: =SUMPRODUCT((MOD(ROW(Q1427:Q1501),3)=1)*Q1427:Q1501)/25 -> 0 | AF61: =SUMPRODUCT((MOD(ROW(T1427:T1501),3)=1)*T1427:T1501)/25 -> 0
A62: 0 | B62: BM | C62: 0.2 | D62: 2 | E62: 21 | F62: 21 | G62: 21 | H62: =IF(F62=G62,1,0) -> 1 | I62: =(F62-G62)/G62*100 -> 0 | J62: 0.783 | K62: 0.027 | L62: 0.756 | M62: 0 | N62: 0 | O62: 0 | P62: 0 | Q62: 0 | R62: 0 | S62: 0 | T62: 0 | U62: 1 | W62: 2 | X62: =SUMPRODUCT((MOD(ROW(H1502:H1576),3)=2)*H1502:H1576) -> 25 | Y62: =SUMPRODUCT((MOD(ROW(I1502:I1576),3)=2)*I1502:I1576)/25 -> 0 | Z62: =SUMPRODUCT((MOD(ROW(J1502:J1576),3)=2)*J1502:J1576)/25 -> 0.89756 | AA62: =SUMPRODUCT((MOD(ROW(L1502:L1576),3)=2)*L1502:L1576)/25 -> 0.805 | AB62: =SUMPRODUCT((MOD(ROW(M1502:M1576),3)=2)*M1502:M1576)/25 -> 0 | AC62: =SUMPRODUCT((MOD(ROW(N1502:N1576),3)=2)*N1502:N1576)/25 -> 0 | AD62: =SUMPRODUCT((MOD(ROW(P1502:P1576),3)=2)*P1502:P1576)/25 -> 0 | AE62: =SUMPRODUCT((MOD(ROW(Q1502:Q1576),3)=2)*Q1502:Q1576)/25 -> 0 | AF62: =SUMPRODUCT((MOD(ROW(T1502:T1576),3)=2)*T1502:T1576)/25 -> 0
A63: 0 | B63: BM | C63: 0.2 | D63: 3 | E63: 21 | F63: 21 | G63: 21 | H63: =IF(F63=G63,1,0) -> 1 | I63: =(F63-G63)/G63*100 -> 0 | J63: 0.806 | K63: 0.027 | L63: 0.779 | M63: 0 | N63: 0 | O63: 0 | P63: 0 | Q63: 0 | R63: 0 | S63: 0 | T63: 0 | U63: 1 | W63: 3 | X63: =SUMPRODUCT((MOD(ROW(H1502:H1576),3)=0)*H1502:H1576) -> 25 | Y63: =SUMPRODUCT((MOD(ROW(I1502:I1576),3)=0)*I1502:I1576)/25 -> 0 | Z63: =SUMPRODUCT((MOD(ROW(J1502:J1576),3)=0)*J1502:J1576)/25 -> 0.94496 | AA63: =SUMPRODUCT((MOD(ROW(L1502:L1576),3)=0)*L1502:L1576)/25 -> 0.85648 | AB63: =SUMPRODUCT((MOD(ROW(M1502:M1576),3)=0)*M1502:M1576)/25 -> 0 | AC63: =SUMPRODUCT((MOD(ROW(N1502:N1576),3)=0)*N1502:N1576)/25 -> 0 | AD63: =SUMPRODUCT((MOD(ROW(P1502:P1576),3)=0)*P1502:P1576)/25 -> 0 | AE63: =SUMPRODUCT((MOD(ROW(Q1502:Q1576),3)=0)*Q1502:Q1576)/25 -> 0 | AF63: =SUMPRODUCT((MOD(ROW(T1502:T1576),3)=0)*T1502:T1576)/25 -> 0
A64: 0 | B64: BM | C64: 0.2 | D64: 4 | E64: 21 | F64: 21 | G64: 21 | H64: =IF(F64=G64,1,0) -> 1 | I64: =(F64-G64)/G64*100 -> 0 | J64: 0.768 | K64: 0.027 | L64: 0.741 | M64: 0 | N64: 0 | O64: 0 | P64: 0 | Q64: 0 | R64: 0 | S64: 0 | T64: 0 | U64: 1 | W64: 4 | X64: =SUMPRODUCT((MOD(ROW(H1502:H1576),3)=1)*H1502:H1576) -> 25 | Y64: =SUMPRODUCT((MOD(ROW(I1502:I1576),3)=1)*I1502:I1576)/25 -> 0 | Z64: =SUMPRODUCT((MOD(ROW(J1502:J1576),3)=1)*J1502:J1576)/25 -> 0.85068 | AA64: =SUMPRODUCT((MOD(ROW(L1502:L1576),3)=1)*L1502:L1576)/25 -> 0.75924 | AB64: =SUMPRODUCT((MOD(ROW(M1502:M1576),3)=1)*M1502:M1576)/25 -> 0 | AC64: =SUMPRODUCT((MOD(ROW(N1502:N1576),3)=1)*N1502:N1576)/25 -> 0 | AD64: =SUMPRODUCT((MOD(ROW(P1502:P1576),3)=1)*P1502:P1576)/25 -> 0 | AE64: =SUMPRODUCT((MOD(ROW(Q1502:Q1576),3)=1)*Q1502:Q1576)/25 -> 0 | AF64: =SUMPRODUCT((MOD(ROW(T1502:T1576),3)=1)*T1502:T1576)/25 -> 0
A65: 0 | B65: BM | C65: 0.2 | D65: 2 | E65: 22 | F65: 24 | G65: 24 | H65: =IF(F65=G65,1,0) -> 1 | I65: =(F65-G65)/G65*100 -> 0 | J65: 0.712 | K65: 0.024 | L65: 0.688 | M65: 0 | N65: 0 | O65: 0 | P65: 0 | Q65: 0 | R65: 0 | S65: 0 | T65: 0 | U65: 1
A66: 0 | B66: BM | C66: 0.2 | D66: 3 | E66: 22 | F66: 24 | G66: 24 | H66: =IF(F66=G66,1,0) -> 1 | I66: =(F66-G66)/G66*100 -> 0 | J66: 0.683 | K66: 0.018 | L66: 0.665 | M66: 0 | N66: 0 | O66: 0 | P66: 0 | Q66: 0 | R66: 0 | S66: 0 | T66: 0 | U66: 1
A67: 0 | B67: BM | C67: 0.2 | D67: 4 | E67: 22 | F67: 24 | G67: 24 | H67: =IF(F67=G67,1,0) -> 1 | I67: =(F67-G67)/G67*100 -> 0 | J67: 0.676 | K67: 0.021 | L67: 0.655 | M67: 0 | N67: 0 | O67: 0 | P67: 0 | Q67: 0 | R67: 0 | S67: 0 | T67: 0 | U67: 1
A68: 0 | B68: BM | C68: 0.2 | D68: 2 | E68: 23 | F68: 24 | G68: 24 | H68: =IF(F68=G68,1,0) -> 1 | I68: =(F68-G68)/G68*100 -> 0 | J68: 0.625 | K68: 0.025 | L68: 0.6 | M68: 0 | N68: 0 | O68: 0 | P68: 0 | Q68: 0 | R68: 0 | S68: 0 | T68: 0 | U68: 1
A69: 0 | B69: BM | C69: 0.2 | D69: 3 | E69: 23 | F69: 24 | G69: 24 | H69: =IF(F69=G69,1,0) -> 1 | I69: =(F69-G69)/G69*100 -> 0 | J69: 0.637 | K69: 0.025 | L69: 0.612 | M69: 0 | N69: 0 | O69: 0 | P69: 0 | Q69: 0 | R69: 0 | S69: 0 | T69: 0 | U69: 1
A70: 0 | B70: BM | C70: 0.2 | D70: 4 | E70: 23 | F70: 24 | G70: 24 | H70: =IF(F70=G70,1,0) -> 1 | I70: =(F70-G70)/G70*100 -> 0 | J70: 0.655 | K70: 0.026 | L70: 0.629 | M70: 0 | N70: 0 | O70: 0 | P70: 0 | Q70: 0 | R70: 0 | S70: 0 | T70: 0 | U70: 1
A71: 0 | B71: BM | C71: 0.2 | D71: 2 | E71: 24 | F71: 24 | G71: 24 | H71: =IF(F71=G71,1,0) -> 1 | I71: =(F71-G71)/G71*100 -> 0 | J71: 0.745 | K71: 0.029 | L71: 0.716 | M71: 0 | N71: 0 | O71: 0 | P71: 0 | Q71: 0 | R71: 0 | S71: 0 | T71: 0 | U71: 1
A72: 0 | B72: BM | C72: 0.2 | D72: 3 | E72: 24 | F72: 24 | G72: 24 | H72: =IF(F72=G72,1,0) -> 1 | I72: =(F72-G72)/G72*100 -> 0 | J72: 0.687 | K72: 0.021 | L72: 0.666 | M72: 0 | N72: 0 | O72: 0 | P72: 0 | Q72: 0 | R72: 0 | S72: 0 | T72: 0 | U72: 1
A73: 0 | B73: BM | C73: 0.2 | D73: 4 | E73: 24 | F73: 24 | G73: 24 | H73: =IF(F73=G73,1,0) -> 1 | I73: =(F73-G73)/G73*100 -> 0 | J73: 0.736 | K73: 0.028 | L73: 0.708 | M73: 0 | N73: 0 | O73: 0 | P73: 0 | Q73: 0 | R73: 0 | S73: 0 | T73: 0 | U73: 1
A74: 1 | B74: BM | C74: 0.2 | D74: 2 | E74: 25 | F74: 22 | G74: 22 | H74: =IF(F74=G74,1,0) -> 1 | I74: =(F74-G74)/G74*100 -> 0 | J74: 0.668 | K74: 0.017 | L74: 0.651 | M74: 0 | N74: 0 | O74: 0 | P74: 0 | Q74: 0 | R74: 0 | S74: 0 | T74: 0 | U74: 1
A75: 1 | B75: BM | C75: 0.2 | D75: 3 | E75: 25 | F75: 22 | G75: 22 | H75: =IF(F75=G75,1,0) -> 1 | I75: =(F75-G75)/G75*100 -> 0 | J75: 0.727 | K75: 0.018 | L75: 0.709 | M75: 0 | N75: 0 | O75: 0 | P75: 0 | Q75: 0 | R75: 0 | S75: 0 | T75: 0 | U75: 1
A76: 1 | B76: BM | C76: 0.2 | D76: 4 | E76: 25 | F76: 22 | G76: 22 | H76: =IF(F76=G76,1,0) -> 1 | I76: =(F76-G76)/G76*100 -> 0 | J76: 0.641 | K76: 0.024 | L76: 0.617 | M76: 0 | N76: 0 | O76: 0 | P76: 0 | Q76: 0 | R76: 0 | S76: 0 | T76: 0 | U76: 1
... A1576: 1 | B1576: PM | C1576: 0.9 | D1576: 4 | E1576: 525 | F1576: 66 | G1576: 66 | H1576: =IF(F1576=G1576,1,0) -> 1 | I1576: =(F1576-G1576)/G1576*100 -> 0 | J1576: 1.329 | K1576: 0.12 | L1576: 1.209 | M1576: 0 | N1576: 0 | O1576: 0 | P1576: 0 | Q1576: 0 | R1576: 0 | S1576: 0 | T1576: 0 | U1576: 1

Sheet cutting planes
F1: BPC | M1: no CP | S1: no config | Y1: B&P
B2: TD | C2: OS | D2: configuration | E2: instances | F2: UB | G2: LB | H2: opt | I2: gap | J2: totalTime | K2: numNodeExplored | M2: UB | N2: LB | O2: opt | P2: gap | Q2: totalTime | S2: UB | T2: LB | U2: opt | V2: gap | W2: totalTime | Y2: UB | Z2: LB | AA2: opt | AB2: gap | AC2: totalTime | AD2: nodeExplored
A3: 0 | B3: BM | C3: 0.2 | D3: 2 | E3: 1 | F3: ='C_k = bar{C}_k'!F2 -> 23 | G3: ='C_k = bar{C}_k'!G2 -> 23 | H3: =IF(F3=G3,1,0) -> 1 | I3: =(F3-G3)/G3*100 -> 0 | J3: ='C_k = bar{C}_k'!J2 -> 0.569 | K3: ='C_k = bar{C}_k'!T2 -> 0 | M3: ='cutting original'!T2 -> 23 | N3: ='cutting original'!U2 -> 23 | O3: =IF(M3=N3,1,0) -> 1 | P3: =(M3-N3)/N3*100 -> 0 | Q3: ='cutting original'!V2 -> 0.642 | S3: ='cutting original'!AJ2 -> 23 | T3: ='cutting original'!AK2 -> 23 | U3: =IF(S3=T3,1,0) -> 1 | V3: =(S3-T3)/T3*100 -> 0 | W3: ='cutting original'!AL2 -> 0.56 | Y3: ='cutting original'!D2 -> 23 | Z3: ='cutting original'!E2 -> 23 | AA3: =IF(Y3=Z3,1,0) -> 1 | AB3: =(Y3-Z3)/Z3*100 -> 0 | AC3: ='cutting original'!F2 -> 0.651 | AD3: ='cutting original'!P2 -> 0 | AF3: BPC | AG3: =SUMIF(AD3:AD1352,">1",H3:H1352) -> 28 | AH3: =AVERAGEIF(K3:K1577,">1",I3:I1577) -> 1.6045444 | AI3: =AVERAGEIF(K3:K1577,">1",J3:J1577) -> 2500.5502 | AJ3: =COUNTIF(AD3:AD1352,">1") -> 76
A4: 0 | B4: BM | C4: 0.2 | D4: 3 | E4: 1 | F4: ='C_k = bar{C}_k'!F3 -> 23 | G4: ='C_k = bar{C}_k'!G3 -> 23 | H4: =IF(F4=G4,1,0) -> 1 | I4: =(F4-G4)/G4*100 -> 0 | J4: ='C_k = bar{C}_k'!J3 -> 0.568 | K4: ='C_k = bar{C}_k'!T3 -> 0 | M4: ='cutting original'!T3 -> 23 | N4: ='cutting original'!U3 -> 23 | O4: =IF(M4=N4,1,0) -> 1 | P4: =(M4-N4)/N4*100 -> 0 | Q4: ='cutting original'!V3 -> 0.615 | S4: ='cutting original'!AJ3 -> 23 | T4: ='cutting original'!AK3 -> 23 | U4: =IF(S4=T4,1,0) -> 1 | V4: =(S4-T4)/T4*100 -> 0 | W4: ='cutting original'!AL3 -> 0.582 | Y4: ='cutting original'!D3 -> 23 | Z4: ='cutting original'!E3 -> 23 | AA4: =IF(Y4=Z4,1,0) -> 1 | AB4: =(Y4-Z4)/Z4*100 -> 0 | AC4: ='cutting original'!F3 -> 0.63 | AD4: ='cutting original'!P3 -> 0 | AF4: no CP | AG4: =SUMIF(AD3:AD1352,">1",O3:O1352) -> 21 | AH4: =AVERAGEIF(K3:K1577,">1",P3:P15727) -> 1.7354743 | AI4: =AVERAGEIF(K3:K1577,">1",Q3:Q1577) -> 2714.8443
A5: 0 | B5: BM | C5: 0.2 | D5: 4 | E5: 1 | F5: ='C_k = bar{C}_k'!F4 -> 23 | G5: ='C_k = bar{C}_k'!G4 -> 23 | H5: =IF(F5=G5,1,0) -> 1 | I5: =(F5-G5)/G5*100 -> 0 | J5: ='C_k = bar{C}_k'!J4 -> 0.534 | K5: ='C_k = bar{C}_k'!T4 -> 0 | M5: ='cutting original'!T4 -> 23 | N5: ='cutting original'!U4 -> 23 | O5: =IF(M5=N5,1,0) -> 1 | P5: =(M5-N5)/N5*100 -> 0 | Q5: ='cutting original'!V4 -> 0.553 | S5: ='cutting original'!AJ4 -> 23 | T5: ='cutting original'!AK4 -> 23 | U5: =IF(S5=T5,1,0) -> 1 | V5: =(S5-T5)/T5*100 -> 0 | W5: ='cutting original'!AL4 -> 0.548 | Y5: ='cutting original'!D4 -> 23 | Z5: ='cutting original'!E4 -> 23 | AA5: =IF(Y5=Z5,1,0) -> 1 | AB5: =(Y5-Z5)/Z5*100 -> 0 | AC5: ='cutting original'!F4 -> 0.561 | AD5: ='cutting original'!P4 -> 0 | AF5: no non-Ro | AG5: =SUMIF(AD3:AD1352,">1",U3:U1352) -> 25 | AH5: =AVERAGEIF(K3:K1577,">1",V3:V1577) -> 1.6160655 | AI5: =AVERAGEIF(K3:K1577,">1",W3:W1577) -> 2573.5978
A6: 0 | B6: BM | C6: 0.2 | D6: 2 | E6: 2 | F6: ='C_k = bar{C}_k'!F5 -> 21 | G6: ='C_k = bar{C}_k'!G5 -> 21 | H6: =IF(F6=G6,1,0) -> 1 | I6: =(F6-G6)/G6*100 -> 0 | J6: ='C_k = bar{C}_k'!J5 -> 0.583 | K6: ='C_k = bar{C}_k'!T5 -> 0 | M6: ='cutting original'!T5 -> 21 | N6: ='cutting original'!U5 -> 21 | O6: =IF(M6=N6,1,0) -> 1 | P6: =(M6-N6)/N6*100 -> 0 | Q6: ='cutting original'!V5 -> 0.668 | S6: ='cutting original'!AJ5 -> 21 | T6: ='cutting original'!AK5 -> 21 | U6: =IF(S6=T6,1,0) -> 1 | V6: =(S6-T6)/T6*100 -> 0 | W6: ='cutting original'!AL5 -> 0.61 | Y6: ='cutting original'!D5 -> 21 | Z6: ='cutting original'!E5 -> 21 | AA6: =IF(Y6=Z6,1,0) -> 1 | AB6: =(Y6-Z6)/Z6*100 -> 0 | AC6: ='cutting original'!F5 -> 0.66 | AD6: ='cutting original'!P5 -> 0 | AF6: B&P | AG6: =SUMIF(AD3:AD1352,">1",AA3:AA1352) -> 17 | AH6: =AVERAGEIF(K3:K1577,">1",AB3:AB1577) -> 1.8939168 | AI6: =AVERAGEIF(K3:K1577,">1",AC3:AC1577) -> 2871.5063
A7: 0 | B7: BM | C7: 0.2 | D7: 3 | E7: 2 | F7: ='C_k = bar{C}_k'!F6 -> 21 | G7: ='C_k = bar{C}_k'!G6 -> 21 | H7: =IF(F7=G7,1,0) -> 1 | I7: =(F7-G7)/G7*100 -> 0 | J7: ='C_k = bar{C}_k'!J6 -> 0.584 | K7: ='C_k = bar{C}_k'!T6 -> 0 | M7: ='cutting original'!T6 -> 21 | N7: ='cutting original'!U6 -> 21 | O7: =IF(M7=N7,1,0) -> 1 | P7: =(M7-N7)/N7*100 -> 0 | Q7: ='cutting original'!V6 -> 0.653 | S7: ='cutting original'!AJ6 -> 21 | T7: ='cutting original'!AK6 -> 21 | U7: =IF(S7=T7,1,0) -> 1 | V7: =(S7-T7)/T7*100 -> 0 | W7: ='cutting original'!AL6 -> 0.583 | Y7: ='cutting original'!D6 -> 21 | Z7: ='cutting original'!E6 -> 21 | AA7: =IF(Y7=Z7,1,0) -> 1 | AB7: =(Y7-Z7)/Z7*100 -> 0 | AC7: ='cutting original'!F6 -> 0.668 | AD7: ='cutting original'!P6 -> 0
A8: 0 | B8: BM | C8: 0.2 | D8: 4 | E8: 2 | F8: ='C_k = bar{C}_k'!F7 -> 21 | G8: ='C_k = bar{C}_k'!G7 -> 21 | H8: =IF(F8=G8,1,0) -> 1 | I8: =(F8-G8)/G8*100 -> 0 | J8: ='C_k = bar{C}_k'!J7 -> 0.639 | K8: ='C_k = bar{C}_k'!T7 -> 0 | M8: ='cutting original'!T7 -> 21 | N8: ='cutting original'!U7 -> 21 | O8: =IF(M8=N8,1,0) -> 1 | P8: =(M8-N8)/N8*100 -> 0 | Q8: ='cutting original'!V7 -> 0.593 | S8: ='cutting original'!AJ7 -> 21 | T8: ='cutting original'!AK7 -> 21 | U8: =IF(S8=T8,1,0) -> 1 | V8: =(S8-T8)/T8*100 -> 0 | W8: ='cutting original'!AL7 -> 0.63 | Y8: ='cutting original'!D7 -> 21 | Z8: ='cutting original'!E7 -> 21 | AA8: =IF(Y8=Z8,1,0) -> 1 | AB8: =(Y8-Z8)/Z8*100 -> 0 | AC8: ='cutting original'!F7 -> 0.619 | AD8: ='cutting original'!P7 -> 0
A9: 0 | B9: BM | C9: 0.2 | D9: 2 | E9: 3 | F9: ='C_k = bar{C}_k'!F8 -> 20 | G9: ='C_k = bar{C}_k'!G8 -> 20 | H9: =IF(F9=G9,1,0) -> 1 | I9: =(F9-G9)/G9*100 -> 0 | J9: ='C_k = bar{C}_k'!J8 -> 0.544 | K9: ='C_k = bar{C}_k'!T8 -> 0 | M9: ='cutting original'!T8 -> 20 | N9: ='cutting original'!U8 -> 20 | O9: =IF(M9=N9,1,0) -> 1 | P9: =(M9-N9)/N9*100 -> 0 | Q9: ='cutting original'!V8 -> 0.507 | S9: ='cutting original'!AJ8 -> 20 | T9: ='cutting original'!AK8 -> 20 | U9: =IF(S9=T9,1,0) -> 1 | V9: =(S9-T9)/T9*100 -> 0 | W9: ='cutting original'!AL8 -> 0.562 | Y9: ='cutting original'!D8 -> 20 | Z9: ='cutting original'!E8 -> 20 | AA9: =IF(Y9=Z9,1,0) -> 1 | AB9: =(Y9-Z9)/Z9*100 -> 0 | AC9: ='cutting original'!F8 -> 0.54 | AD9: ='cutting original'!P8 -> 0
A10: 0 | B10: BM | C10: 0.2 | D10: 3 | E10: 3 | F10: ='C_k = bar{C}_k'!F9 -> 20 | G10: ='C_k = bar{C}_k'!G9 -> 20 | H10: =IF(F10=G10,1,0) -> 1 | I10: =(F10-G10)/G10*100 -> 0 | J10: ='C_k = bar{C}_k'!J9 -> 0.551 | K10: ='C_k = bar{C}_k'!T9 -> 0 | M10: ='cutting original'!T9 -> 20 | N10: ='cutting original'!U9 -> 20 | O10: =IF(M10=N10,1,0) -> 1 | P10: =(M10-N10)/N10*100 -> 0 | Q10: ='cutting original'!V9 -> 0.514 | S10: ='cutting original'!AJ9 -> 20 | T10: ='cutting original'!AK9 -> 20 | U10: =IF(S10=T10,1,0) -> 1 | V10: =(S10-T10)/T10*100 -> 0 | W10: ='cutting original'!AL9 -> 0.541 | Y10: ='cutting original'!D9 -> 20 | Z10: ='cutting original'!E9 -> 20 | AA10: =IF(Y10=Z10,1,0) -> 1 | AB10: =(Y10-Z10)/Z10*100 -> 0 | AC10: ='cutting original'!F9 -> 0.489 | AD10: ='cutting original'!P9 -> 0
A11: 0 | B11: BM | C11: 0.2 | D11: 4 | E11: 3 | F11: ='C_k = bar{C}_k'!F10 -> 20 | G11: ='C_k = bar{C}_k'!G10 -> 20 | H11: =IF(F11=G11,1,0) -> 1 | I11: =(F11-G11)/G11*100 -> 0 | J11: ='C_k = bar{C}_k'!J10 -> 0.637 | K11: ='C_k = bar{C}_k'!T10 -> 0 | M11: ='cutting original'!T10 -> 20 | N11: ='cutting original'!U10 -> 20 | O11: =IF(M11=N11,1,0) -> 1 | P11: =(M11-N11)/N11*100 -> 0 | Q11: ='cutting original'!V10 -> 0.593 | S11: ='cutting original'!AJ10 -> 20 | T11: ='cutting original'!AK10 -> 20 | U11: =IF(S11=T11,1,0) -> 1 | V11: =(S11-T11)/T11*100 -> 0 | W11: ='cutting original'!AL10 -> 0.629 | Y11: ='cutting original'!D10 -> 20 | Z11: ='cutting original'!E10 -> 20 | AA11: =IF(Y11=Z11,1,0) -> 1 | AB11: =(Y11-Z11)/Z11*100 -> 0 | AC11: ='cutting original'!F10 -> 0.592 | AD11: ='cutting original'!P10 -> 0
A12: 0 | B12: BM | C12: 0.2 | D12: 2 | E12: 4 | F12: ='C_k = bar{C}_k'!F11 -> 24 | G12: ='C_k = bar{C}_k'!G11 -> 24 | H12: =IF(F12=G12,1,0) -> 1 | I12: =(F12-G12)/G12*100 -> 0 | J12: ='C_k = bar{C}_k'!J11 -> 0.662 | K12: ='C_k = bar{C}_k'!T11 -> 0 | M12: ='cutting original'!T11 -> 24 | N12: ='cutting original'!U11 -> 24 | O12: =IF(M12=N12,1,0) -> 1 | P12: =(M12-N12)/N12*100 -> 0 | Q12: ='cutting original'!V11 -> 0.651 | S12: ='cutting original'!AJ11 -> 24 | T12: ='cutting original'!AK11 -> 24 | U12: =IF(S12=T12,1,0) -> 1 | V12: =(S12-T12)/T12*100 -> 0 | W12: ='cutting original'!AL11 -> 0.654 | Y12: ='cutting original'!D11 -> 24 | Z12: ='cutting original'!E11 -> 24 | AA12: =IF(Y12=Z12,1,0) -> 1 | AB12: =(Y12-Z12)/Z12*100 -> 0 | AC12: ='cutting original'!F11 -> 0.645 | AD12: ='cutting original'!P11 -> 0
A13: 0 | B13: BM | C13: 0.2 | D13: 3 | E13: 4 | F13: ='C_k = bar{C}_k'!F12 -> 24 | G13: ='C_k = bar{C}_k'!G12 -> 24 | H13: =IF(F13=G13,1,0) -> 1 | I13: =(F13-G13)/G13*100 -> 0 | J13: ='C_k = bar{C}_k'!J12 -> 0.689 | K13: ='C_k = bar{C}_k'!T12 -> 0 | M13: ='cutting original'!T12 -> 24 | N13: ='cutting original'!U12 -> 24 | O13: =IF(M13=N13,1,0) -> 1 | P13: =(M13-N13)/N13*100 -> 0 | Q13: ='cutting original'!V12 -> 0.674 | S13: ='cutting original'!AJ12 -> 24 | T13: ='cutting original'!AK12 -> 24 | U13: =IF(S13=T13,1,0) -> 1 | V13: =(S13-T13)/T13*100 -> 0 | W13: ='cutting original'!AL12 -> 0.685 | Y13: ='cutting original'!D12 -> 24 | Z13: ='cutting original'!E12 -> 24 | AA13: =IF(Y13=Z13,1,0) -> 1 | AB13: =(Y13-Z13)/Z13*100 -> 0 | AC13: ='cutting original'!F12 -> 0.678 | AD13: ='cutting original'!P12 -> 0
A14: 0 | B14: BM | C14: 0.2 | D14: 4 | E14: 4 | F14: ='C_k = bar{C}_k'!F13 -> 24 | G14: ='C_k = bar{C}_k'!G13 -> 24 | H14: =IF(F14=G14,1,0) -> 1 | I14: =(F14-G14)/G14*100 -> 0 | J14: ='C_k = bar{C}_k'!J13 -> 0.666 | K14: ='C_k = bar{C}_k'!T13 -> 0 | M14: ='cutting original'!T13 -> 24 | N14: ='cutting original'!U13 -> 24 | O14: =IF(M14=N14,1,0) -> 1 | P14: =(M14-N14)/N14*100 -> 0 | Q14: ='cutting original'!V13 -> 0.671 | S14: ='cutting original'!AJ13 -> 24 | T14: ='cutting original'!AK13 -> 24 | U14: =IF(S14=T14,1,0) -> 1 | V14: =(S14-T14)/T14*100 -> 0 | W14: ='cutting original'!AL13 -> 0.67 | Y14: ='cutting original'!D13 -> 24 | Z14: ='cutting original'!E13 -> 24 | AA14: =IF(Y14=Z14,1,0) -> 1 | AB14: =(Y14-Z14)/Z14*100 -> 0 | AC14: ='cutting original'!F13 -> 0.677 | AD14: ='cutting original'!P13 -> 0
A15: 0 | B15: BM | C15: 0.2 | D15: 2 | E15: 5 | F15: ='C_k = bar{C}_k'!F14 -> 22 | G15: ='C_k = bar{C}_k'!G14 -> 22 | H15: =IF(F15=G15,1,0) -> 1 | I15: =(F15-G15)/G15*100 -> 0 | J15: ='C_k = bar{C}_k'!J14 -> 0.603 | K15: ='C_k = bar{C}_k'!T14 -> 0 | M15: ='cutting original'!T14 -> 22 | N15: ='cutting original'!U14 -> 22 | O15: =IF(M15=N15,1,0) -> 1 | P15: =(M15-N15)/N15*100 -> 0 | Q15: ='cutting original'!V14 -> 0.571 | S15: ='cutting original'!AJ14 -> 22 | T15: ='cutting original'!AK14 -> 22 | U15: =IF(S15=T15,1,0) -> 1 | V15: =(S15-T15)/T15*100 -> 0 | W15: ='cutting original'!AL14 -> 0.602 | Y15: ='cutting original'!D14 -> 22 | Z15: ='cutting original'!E14 -> 22 | AA15: =IF(Y15=Z15,1,0) -> 1 | AB15: =(Y15-Z15)/Z15*100 -> 0 | AC15: ='cutting original'!F14 -> 0.574 | AD15: ='cutting original'!P14 -> 0
A16: 0 | B16: BM | C16: 0.2 | D16: 3 | E16: 5 | F16: ='C_k = bar{C}_k'!F15 -> 22 | G16: ='C_k = bar{C}_k'!G15 -> 22 | H16: =IF(F16=G16,1,0) -> 1 | I16: =(F16-G16)/G16*100 -> 0 | J16: ='C_k = bar{C}_k'!J15 -> 0.63 | K16: ='C_k = bar{C}_k'!T15 -> 0 | M16: ='cutting original'!T15 -> 22 | N16: ='cutting original'!U15 -> 22 | O16: =IF(M16=N16,1,0) -> 1 | P16: =(M16-N16)/N16*100 -> 0 | Q16: ='cutting original'!V15 -> 0.594 | S16: ='cutting original'!AJ15 -> 22 | T16: ='cutting original'!AK15 -> 22 | U16: =IF(S16=T16,1,0) -> 1 | V16: =(S16-T16)/T16*100 -> 0 | W16: ='cutting original'!AL15 -> 0.621 | Y16: ='cutting original'!D15 -> 22 | Z16: ='cutting original'!E15 -> 22 | AA16: =IF(Y16=Z16,1,0) -> 1 | AB16: =(Y16-Z16)/Z16*100 -> 0 | AC16: ='cutting original'!F15 -> 0.589 | AD16: ='cutting original'!P15 -> 0
A17: 0 | B17: BM | C17: 0.2 | D17: 4 | E17: 5 | F17: ='C_k = bar{C}_k'!F16 -> 23 | G17: ='C_k = bar{C}_k'!G16 -> 23 | H17: =IF(F17=G17,1,0) -> 1 | I17: =(F17-G17)/G17*100 -> 0 | J17: ='C_k = bar{C}_k'!J16 -> 1.785 | K17: ='C_k = bar{C}_k'!T16 -> 0 | M17: ='cutting original'!T16 -> 23 | N17: ='cutting original'!U16 -> 23 | O17: =IF(M17=N17,1,0) -> 1 | P17: =(M17-N17)/N17*100 -> 0 | Q17: ='cutting original'!V16 -> 1.661 | S17: ='cutting original'!AJ16 -> 23 | T17: ='cutting original'!AK16 -> 23 | U17: =IF(S17=T17,1,0) -> 1 | V17: =(S17-T17)/T17*100 -> 0 | W17: ='cutting original'!AL16 -> 1.571 | Y17: ='cutting original'!D16 -> 23 | Z17: ='cutting original'!E16 -> 23 | AA17: =IF(Y17=Z17,1,0) -> 1 | AB17: =(Y17-Z17)/Z17*100 -> 0 | AC17: ='cutting original'!F16 -> 1.851 | AD17: ='cutting original'!P16 -> 0
A18: 0 | B18: BM | C18: 0.2 | D18: 2 | E18: 6 | F18: ='C_k = bar{C}_k'!F17 -> 22 | G18: ='C_k = bar{C}_k'!G17 -> 22 | H18: =IF(F18=G18,1,0) -> 1 | I18: =(F18-G18)/G18*100 -> 0 | J18: ='C_k = bar{C}_k'!J17 -> 0.738 | K18: ='C_k = bar{C}_k'!T17 -> 0 | M18: ='cutting original'!T17 -> 22 | N18: ='cutting original'!U17 -> 22 | O18: =IF(M18=N18,1,0) -> 1 | P18: =(M18-N18)/N18*100 -> 0 | Q18: ='cutting original'!V17 -> 0.663 | S18: ='cutting original'!AJ17 -> 22 | T18: ='cutting original'!AK17 -> 22 | U18: =IF(S18=T18,1,0) -> 1 | V18: =(S18-T18)/T18*100 -> 0 | W18: ='cutting original'!AL17 -> 0.732 | Y18: ='cutting original'!D17 -> 22 | Z18: ='cutting original'!E17 -> 22 | AA18: =IF(Y18=Z18,1,0) -> 1 | AB18: =(Y18-Z18)/Z18*100 -> 0 | AC18: ='cutting original'!F17 -> 0.736 | AD18: ='cutting original'!P17 -> 0
... A172: 0 | B172: PM | C172: 0.2 | D172: 3 | E172: 57 | F172: ='C_k = bar{C}_k'!F171 -> 53 | G172: ='C_k = bar{C}_k'!G171 -> 53 | H172: =IF(F172=G172,1,0) -> 1 | I172: =(F172-G172)/G172*100 -> 0 | J172: ='C_k = bar{C}_k'!J171 -> 0.82 | K172: ='C_k = bar{C}_k'!T171 -> 0 | M172: ='cutting original'!T171 -> 53 | N172: ='cutting original'!U171 -> 53 | O172: =IF(M172=N172,1,0) -> 1 | P172: =(M172-N172)/N172*100 -> 0 | Q172: ='cutting original'!V171 -> 0.824 | S172: ='cutting original'!AJ171 -> 53 | T172: ='cutting original'!AK171 -> 53 | U172: =IF(S172=T172,1,0) -> 1 | V172: =(S172-T172)/T172*100 -> 0 | W172: ='cutting original'!AL171 -> 0.818 | Y172: ='cutting original'!D171 -> 53 | Z172: ='cutting original'!E171 -> 53 | AA172: =IF(Y172=Z172,1,0) -> 1 | AB172: =(Y172-Z172)/Z172*100 -> 0 | AC172: ='cutting original'!F171 -> 0.803 | AD172: ='cutting original'!P171 -> 0
A173: 0 | B173: PM | C173: 0.2 | D173: 4 | E173: 57 | F173: ='C_k = bar{C}_k'!F172 -> 53 | G173: ='C_k = bar{C}_k'!G172 -> 53 | H173: =IF(F173=G173,1,0) -> 1 | I173: =(F173-G173)/G173*100 -> 0 | J173: ='C_k = bar{C}_k'!J172 -> 312.538 | K173: ='C_k = bar{C}_k'!T172 -> 165 | M173: 53 | N173: 53 | O173: =IF(M173=N173,1,0) -> 1 | P173: =(M173-N173)/N173*100 -> 0 | Q173: ='cutting original'!V172 -> 214.489 | S173: ='cutting original'!AJ172 -> 54 | T173: ='cutting original'!AK172 -> 53 | U173: =IF(S173=T173,1,0) -> 0 | V173: =(S173-T173)/T173*100 -> 1.8867925 | W173: ='cutting original'!AL172 -> 3600.152 | Y173: 53 | Z173: 53 | AA173: =IF(Y173=Z173,1,0) -> 1 | AB173: =(Y173-Z173)/Z173*100 -> 0 | AC173: ='cutting original'!F172 -> 451.878 | AD173: ='cutting original'!P172 -> 119
A174: 0 | B174: PM | C174: 0.2 | D174: 2 | E174: 58 | F174: ='C_k = bar{C}_k'!F173 -> 57 | G174: ='C_k = bar{C}_k'!G173 -> 57 | H174: =IF(F174=G174,1,0) -> 1 | I174: =(F174-G174)/G174*100 -> 0 | J174: ='C_k = bar{C}_k'!J173 -> 0.714 | K174: ='C_k = bar{C}_k'!T173 -> 0 | M174: ='cutting original'!T173 -> 57 | N174: ='cutting original'!U173 -> 57 | O174: =IF(M174=N174,1,0) -> 1 | P174: =(M174-N174)/N174*100 -> 0 | Q174: ='cutting original'!V173 -> 0.748 | S174: ='cutting original'!AJ173 -> 57 | T174: ='cutting original'!AK173 -> 57 | U174: =IF(S174=T174,1,0) -> 1 | V174: =(S174-T174)/T174*100 -> 0 | W174: ='cutting original'!AL173 -> 0.734 | Y174: ='cutting original'!D173 -> 57 | Z174: ='cutting original'!E173 -> 57 | AA174: =IF(Y174=Z174,1,0) -> 1 | AB174: =(Y174-Z174)/Z174*100 -> 0 | AC174: ='cutting original'!F173 -> 0.741 | AD174: ='cutting original'!P173 -> 0
A175: 0 | B175: PM | C175: 0.2 | D175: 3 | E175: 58 | F175: ='C_k = bar{C}_k'!F174 -> 57 | G175: ='C_k = bar{C}_k'!G174 -> 57 | H175: =IF(F175=G175,1,0) -> 1 | I175: =(F175-G175)/G175*100 -> 0 | J175: ='C_k = bar{C}_k'!J174 -> 0.599 | K175: ='C_k = bar{C}_k'!T174 -> 0 | M175: ='cutting original'!T174 -> 57 | N175: ='cutting original'!U174 -> 57 | O175: =IF(M175=N175,1,0) -> 1 | P175: =(M175-N175)/N175*100 -> 0 | Q175: ='cutting original'!V174 -> 0.651 | S175: ='cutting original'!AJ174 -> 57 | T175: ='cutting original'!AK174 -> 57 | U175: =IF(S175=T175,1,0) -> 1 | V175: =(S175-T175)/T175*100 -> 0 | W175: ='cutting original'!AL174 -> 0.649 | Y175: ='cutting original'!D174 -> 57 | Z175: ='cutting original'!E174 -> 57 | AA175: =IF(Y175=Z175,1,0) -> 1 | AB175: =(Y175-Z175)/Z175*100 -> 0 | AC175: ='cutting original'!F174 -> 0.639 | AD175: ='cutting original'!P174 -> 0
A176: 0 | B176: PM | C176: 0.2 | D176: 4 | E176: 58 | F176: ='C_k = bar{C}_k'!F175 -> 57 | G176: ='C_k = bar{C}_k'!G175 -> 57 | H176: =IF(F176=G176,1,0) -> 1 | I176: =(F176-G176)/G176*100 -> 0 | J176: ='C_k = bar{C}_k'!J175 -> 0.598 | K176: ='C_k = bar{C}_k'!T175 -> 0 | M176: ='cutting original'!T175 -> 57 | N176: ='cutting original'!U175 -> 57 | O176: =IF(M176=N176,1,0) -> 1 | P176: =(M176-N176)/N176*100 -> 0 | Q176: ='cutting original'!V175 -> 0.646 | S176: ='cutting original'!AJ175 -> 57 | T176: ='cutting original'!AK175 -> 57 | U176: =IF(S176=T176,1,0) -> 1 | V176: =(S176-T176)/T176*100 -> 0 | W176: ='cutting original'!AL175 -> 0.64 | Y176: ='cutting original'!D175 -> 57 | Z176: ='cutting original'!E175 -> 57 | AA176: =IF(Y176=Z176,1,0) -> 1 | AB176: =(Y176-Z176)/Z176*100 -> 0 | AC176: ='cutting original'!F175 -> 0.659 | AD176: ='cutting original'!P175 -> 0
A177: 0 | B177: PM | C177: 0.2 | D177: 2 | E177: 59 | F177: ='C_k = bar{C}_k'!F176 -> 57 | G177: ='C_k = bar{C}_k'!G176 -> 57 | H177: =IF(F177=G177,1,0) -> 1 | I177: =(F177-G177)/G177*100 -> 0 | J177: ='C_k = bar{C}_k'!J176 -> 0.934 | K177: ='C_k = bar{C}_k'!T176 -> 0 | M177: ='cutting original'!T176 -> 57 | N177: ='cutting original'!U176 -> 57 | O177: =IF(M177=N177,1,0) -> 1 | P177: =(M177-N177)/N177*100 -> 0 | Q177: ='cutting original'!V176 -> 0.971 | S177: ='cutting original'!AJ176 -> 57 | T177: ='cutting original'!AK176 -> 57 | U177: =IF(S177=T177,1,0) -> 1 | V177: =(S177-T177)/T177*100 -> 0 | W177: ='cutting original'!AL176 -> 0.99 | Y177: ='cutting original'!D176 -> 57 | Z177: ='cutting original'!E176 -> 57 | AA177: =IF(Y177=Z177,1,0) -> 1 | AB177: =(Y177-Z177)/Z177*100 -> 0 | AC177: ='cutting original'!F176 -> 1 | AD177: ='cutting original'!P176 -> 0
A178: 0 | B178: PM | C178: 0.2 | D178: 3 | E178: 59 | F178: ='C_k = bar{C}_k'!F177 -> 57 | G178: ='C_k = bar{C}_k'!G177 -> 57 | H178: =IF(F178=G178,1,0) -> 1 | I178: =(F178-G178)/G178*100 -> 0 | J178: ='C_k = bar{C}_k'!J177 -> 0.879 | K178: ='C_k = bar{C}_k'!T177 -> 0 | M178: ='cutting original'!T177 -> 57 | N178: ='cutting original'!U177 -> 57 | O178: =IF(M178=N178,1,0) -> 1 | P178: =(M178-N178)/N178*100 -> 0 | Q178: ='cutting original'!V177 -> 0.911 | S178: ='cutting original'!AJ177 -> 57 | T178: ='cutting original'!AK177 -> 57 | U178: =IF(S178=T178,1,0) -> 1 | V178: =(S178-T178)/T178*100 -> 0 | W178: ='cutting original'!AL177 -> 0.9 | Y178: ='cutting original'!D177 -> 57 | Z178: ='cutting original'!E177 -> 57 | AA178: =IF(Y178=Z178,1,0) -> 1 | AB178: =(Y178-Z178)/Z178*100 -> 0 | AC178: ='cutting original'!F177 -> 0.917 | AD178: ='cutting original'!P177 -> 0
A179: 0 | B179: PM | C179: 0.2 | D179: 4 | E179: 59 | F179: ='C_k = bar{C}_k'!F178 -> 57 | G179: ='C_k = bar{C}_k'!G178 -> 57 | H179: =IF(F179=G179,1,0) -> 1 | I179: =(F179-G179)/G179*100 -> 0 | J179: ='C_k = bar{C}_k'!J178 -> 0.838 | K179: ='C_k = bar{C}_k'!T178 -> 0 | M179: ='cutting original'!T178 -> 57 | N179: ='cutting original'!U178 -> 57 | O179: =IF(M179=N179,1,0) -> 1 | P179: =(M179-N179)/N179*100 -> 0 | Q179: ='cutting original'!V178 -> 0.915 | S179: ='cutting original'!AJ178 -> 57 | T179: ='cutting original'!AK178 -> 57 | U179: =IF(S179=T179,1,0) -> 1 | V179: =(S179-T179)/T179*100 -> 0 | W179: ='cutting original'!AL178 -> 0.89 | Y179: ='cutting original'!D178 -> 57 | Z179: ='cutting original'!E178 -> 57 | AA179: =IF(Y179=Z179,1,0) -> 1 | AB179: =(Y179-Z179)/Z179*100 -> 0 | AC179: ='cutting original'!F178 -> 0.914 | AD179: ='cutting original'!P178 -> 0
A180: 0 | B180: PM | C180: 0.2 | D180: 2 | E180: 60 | F180: ='C_k = bar{C}_k'!F179 -> 53 | G180: ='C_k = bar{C}_k'!G179 -> 53 | H180: =IF(F180=G180,1,0) -> 1 | I180: =(F180-G180)/G180*100 -> 0 | J180: ='C_k = bar{C}_k'!J179 -> 0.516 | K180: ='C_k = bar{C}_k'!T179 -> 0 | M180: ='cutting original'!T179 -> 53 | N180: ='cutting original'!U179 -> 53 | O180: =IF(M180=N180,1,0) -> 1 | P180: =(M180-N180)/N180*100 -> 0 | Q180: ='cutting original'!V179 -> 0.584 | S180: ='cutting original'!AJ179 -> 53 | T180: ='cutting original'!AK179 -> 53 | U180: =IF(S180=T180,1,0) -> 1 | V180: =(S180-T180)/T180*100 -> 0 | W180: ='cutting original'!AL179 -> 0.599 | Y180: ='cutting original'!D179 -> 53 | Z180: ='cutting original'!E179 -> 53 | AA180: =IF(Y180=Z180,1,0) -> 1 | AB180: =(Y180-Z180)/Z180*100 -> 0 | AC180: ='cutting original'!F179 -> 0.601 | AD180: ='cutting original'!P179 -> 0
A181: 0 | B181: PM | C181: 0.2 | D181: 3 | E181: 60 | F181: ='C_k = bar{C}_k'!F180 -> 53 | G181: ='C_k = bar{C}_k'!G180 -> 53 | H181: =IF(F181=G181,1,0) -> 1 | I181: =(F181-G181)/G181*100 -> 0 | J181: ='C_k = bar{C}_k'!J180 -> 0.57 | K181: ='C_k = bar{C}_k'!T180 -> 0 | M181: ='cutting original'!T180 -> 53 | N181: ='cutting original'!U180 -> 53 | O181: =IF(M181=N181,1,0) -> 1 | P181: =(M181-N181)/N181*100 -> 0 | Q181: ='cutting original'!V180 -> 0.625 | S181: ='cutting original'!AJ180 -> 53 | T181: ='cutting original'!AK180 -> 53 | U181: =IF(S181=T181,1,0) -> 1 | V181: =(S181-T181)/T181*100 -> 0 | W181: ='cutting original'!AL180 -> 0.609 | Y181: ='cutting original'!D180 -> 53 | Z181: ='cutting original'!E180 -> 53 | AA181: =IF(Y181=Z181,1,0) -> 1 | AB181: =(Y181-Z181)/Z181*100 -> 0 | AC181: ='cutting original'!F180 -> 0.615 | AD181: ='cutting original'!P180 -> 0
A182: 0 | B182: PM | C182: 0.2 | D182: 4 | E182: 60 | F182: ='C_k = bar{C}_k'!F181 -> 53 | G182: ='C_k = bar{C}_k'!G181 -> 53 | H182: =IF(F182=G182,1,0) -> 1 | I182: =(F182-G182)/G182*100 -> 0 | J182: ='C_k = bar{C}_k'!J181 -> 0.596 | K182: ='C_k = bar{C}_k'!T181 -> 0 | M182: ='cutting original'!T181 -> 53 | N182: ='cutting original'!U181 -> 53 | O182: =IF(M182=N182,1,0) -> 1 | P182: =(M182-N182)/N182*100 -> 0 | Q182: ='cutting original'!V181 -> 0.592 | S182: ='cutting original'!AJ181 -> 53 | T182: ='cutting original'!AK181 -> 53 | U182: =IF(S182=T182,1,0) -> 1 | V182: =(S182-T182)/T182*100 -> 0 | W182: ='cutting original'!AL181 -> 0.612 | Y182: ='cutting original'!D181 -> 53 | Z182: ='cutting original'!E181 -> 53 | AA182: =IF(Y182=Z182,1,0) -> 1 | AB182: =(Y182-Z182)/Z182*100 -> 0 | AC182: ='cutting original'!F181 -> 0.619 | AD182: ='cutting original'!P181 -> 0
A183: 0 | B183: PM | C183: 0.2 | D183: 2 | E183: 61 | F183: ='C_k = bar{C}_k'!F182 -> 54 | G183: ='C_k = bar{C}_k'!G182 -> 54 | H183: =IF(F183=G183,1,0) -> 1 | I183: =(F183-G183)/G183*100 -> 0 | J183: ='C_k = bar{C}_k'!J182 -> 1 | K183: ='C_k = bar{C}_k'!T182 -> 0 | M183: ='cutting original'!T182 -> 54 | N183: ='cutting original'!U182 -> 54 | O183: =IF(M183=N183,1,0) -> 1 | P183: =(M183-N183)/N183*100 -> 0 | Q183: ='cutting original'!V182 -> 1.014 | S183: ='cutting original'!AJ182 -> 54 | T183: ='cutting original'!AK182 -> 54 | U183: =IF(S183=T183,1,0) -> 1 | V183: =(S183-T183)/T183*100 -> 0 | W183: ='cutting original'!AL182 -> 1.019 | Y183: ='cutting original'!D182 -> 54 | Z183: ='cutting original'!E182 -> 54 | AA183: =IF(Y183=Z183,1,0) -> 1 | AB183: =(Y183-Z183)/Z183*100 -> 0 | AC183: ='cutting original'!F182 -> 1.027 | AD183: ='cutting original'!P182 -> 0
A184: 0 | B184: PM | C184: 0.2 | D184: 3 | E184: 61 | F184: ='C_k = bar{C}_k'!F183 -> 54 | G184: ='C_k = bar{C}_k'!G183 -> 54 | H184: =IF(F184=G184,1,0) -> 1 | I184: =(F184-G184)/G184*100 -> 0 | J184: ='C_k = bar{C}_k'!J183 -> 1.291 | K184: ='C_k = bar{C}_k'!T183 -> 0 | M184: ='cutting original'!T183 -> 54 | N184: ='cutting original'!U183 -> 54 | O184: =IF(M184=N184,1,0) -> 1 | P184: =(M184-N184)/N184*100 -> 0 | Q184: ='cutting original'!V183 -> 1.343 | S184: ='cutting original'!AJ183 -> 54 | T184: ='cutting original'!AK183 -> 54 | U184: =IF(S184=T184,1,0) -> 1 | V184: =(S184-T184)/T184*100 -> 0 | W184: ='cutting original'!AL183 -> 1.279 | Y184: ='cutting original'!D183 -> 54 | Z184: ='cutting original'!E183 -> 54 | AA184: =IF(Y184=Z184,1,0) -> 1 | AB184: =(Y184-Z184)/Z184*100 -> 0 | AC184: ='cutting original'!F183 -> 1.337 | AD184: ='cutting original'!P183 -> 0
A185: 0 | B185: PM | C185: 0.2 | D185: 4 | E185: 61 | F185: ='C_k = bar{C}_k'!F184 -> 54 | G185: ='C_k = bar{C}_k'!G184 -> 54 | H185: =IF(F185=G185,1,0) -> 1 | I185: =(F185-G185)/G185*100 -> 0 | J185: ='C_k = bar{C}_k'!J184 -> 459.381 | K185: ='C_k = bar{C}_k'!T184 -> 153 | M185: ='cutting original'!T184 -> 55 | N185: ='cutting original'!U184 -> 54 | O185: =IF(M185=N185,1,0) -> 0 | P185: =(M185-N185)/N185*100 -> 1.8518519 | Q185: ='cutting original'!V184 -> 3601.724 | S185: ='cutting original'!AJ184 -> 54 | T185: ='cutting original'!AK184 -> 54 | U185: =IF(S185=T185,1,0) -> 1 | V185: =(S185-T185)/T185*100 -> 0 | W185: ='cutting original'!AL184 -> 639.35 | Y185: ='cutting original'!D184 -> 55 | Z185: ='cutting original'!E184 -> 54 | AA185: =IF(Y185=Z185,1,0) -> 0 | AB185: =(Y185-Z185)/Z185*100 -> 1.8518519 | AC185: ='cutting original'!F184 -> 3601.424 | AD185: ='cutting original'!P184 -> 655
... A1352: 1 | B1352: PM | C1352: 0.6 | D1352: 4 | E1352: 450 | F1352: ='C_k = bar{C}_k'!F1351 -> 53 | G1352: ='C_k = bar{C}_k'!G1351 -> 53 | H1352: =IF(F1352=G1352,1,0) -> 1 | I1352: =(F1352-G1352)/G1352*100 -> 0 | J1352: ='C_k = bar{C}_k'!J1351 -> 0.333 | K1352: ='C_k = bar{C}_k'!T1351 -> 0 | M1352: ='cutting original'!T1351 -> 53 | N1352: ='cutting original'!U1351 -> 53 | O1352: =IF(M1352=N1352,1,0) -> 1 | P1352: =(M1352-N1352)/N1352*100 -> 0 | Q1352: ='cutting original'!V1351 -> 0.334 | S1352: ='cutting original'!AJ1351 -> 53 | T1352: ='cutting original'!AK1351 -> 53 | U1352: =IF(S1352=T1352,1,0) -> 1 | V1352: =(S1352-T1352)/T1352*100 -> 0 | W1352: ='cutting original'!AL1351 -> 0.313 | Y1352: ='cutting original'!D1351 -> 53 | Z1352: ='cutting original'!E1351 -> 53 | AA1352: =IF(Y1352=Z1352,1,0) -> 1 | AB1352: =(Y1352-Z1352)/Z1352*100 -> 0 | AC1352: ='cutting original'!F1351 -> 0.314 | AD1352: ='cutting original'!P1351 -> 0

Sheet cutting original
A1: configuration | B1: instances | C1: BP | D1: UB | E1: LB | F1: totalTime | G1: LBTime | H1: initTime | I1: pricingTime | J1: separateCPTime | K1: separateTCTime | L1: totalColNum | M1: CPcutNum | N1: TCcutNum | O1: maxBBTreeDepth | P1: numNodeExplored | Q1: instance feasibility | S1: noCP | T1: UB | U1: LB | V1: totalTime | W1: LBTime | X1: initTime | Y1: pricingTime | Z1: separateCPTime | AA1: separateTCTime | AB1: totalColNum | AC1: CPcutNum | AD1: TCcutNum | AE1: maxBBTreeDepth | AF1: numNodeExplored | AG1: instance feasibility | AI1: no config | AJ1: UB | AK1: LB | AL1: totalTime | AM1: LBTime | AN1: initTime | AO1: pricingTime | AP1: separateCPTime | AQ1: separateTCTime | AR1: totalColNum | AS1: CPcutNum | AT1: TCcutNum | AU1: maxBBTreeDepth | AV1: numNodeExplored | AW1: instance feasibility
A2: 2 | B2: 1 | D2: 23 | E2: 23 | F2: 0.651 | G2: 0.026 | H2: 0.625 | I2: 0 | J2: 0 | K2: 0 | L2: 0 | M2: 0 | N2: 0 | O2: 0 | P2: 0 | Q2: 1 | T2: 23 | U2: 23 | V2: 0.642 | W2: 0.029 | X2: 0.613 | Y2: 0 | Z2: 0 | AA2: 0 | AB2: 0 | AC2: 0 | AD2: 0 | AE2: 0 | AF2: 0 | AG2: 1 | AJ2: 23 | AK2: 23 | AL2: 0.56 | AM2: 0.025 | AN2: 0.535 | AO2: 0 | AP2: 0 | AQ2: 0 | AR2: 0 | AS2: 0 | AT2: 0 | AU2: 0 | AV2: 0 | AW2: 1
A3: 3 | B3: 1 | D3: 23 | E3: 23 | F3: 0.63 | G3: 0.016 | H3: 0.614 | I3: 0 | J3: 0 | K3: 0 | L3: 0 | M3: 0 | N3: 0 | O3: 0 | P3: 0 | Q3: 1 | T3: 23 | U3: 23 | V3: 0.615 | W3: 0.02 | X3: 0.595 | Y3: 0 | Z3: 0 | AA3: 0 | AB3: 0 | AC3: 0 | AD3: 0 | AE3: 0 | AF3: 0 | AG3: 1 | AJ3: 23 | AK3: 23 | AL3: 0.582 | AM3: 0.015 | AN3: 0.567 | AO3: 0 | AP3: 0 | AQ3: 0 | AR3: 0 | AS3: 0 | AT3: 0 | AU3: 0 | AV3: 0 | AW3: 1
A4: 4 | B4: 1 | D4: 23 | E4: 23 | F4: 0.561 | G4: 0.022 | H4: 0.539 | I4: 0 | J4: 0 | K4: 0 | L4: 0 | M4: 0 | N4: 0 | O4: 0 | P4: 0 | Q4: 1 | T4: 23 | U4: 23 | V4: 0.553 | W4: 0.016 | X4: 0.537 | Y4: 0 | Z4: 0 | AA4: 0 | AB4: 0 | AC4: 0 | AD4: 0 | AE4: 0 | AF4: 0 | AG4: 1 | AJ4: 23 | AK4: 23 | AL4: 0.548 | AM4: 0.017 | AN4: 0.531 | AO4: 0 | AP4: 0 | AQ4: 0 | AR4: 0 | AS4: 0 | AT4: 0 | AU4: 0 | AV4: 0 | AW4: 1
A5: 2 | B5: 2 | D5: 21 | E5: 21 | F5: 0.66 | G5: 0.022 | H5: 0.638 | I5: 0 | J5: 0 | K5: 0 | L5: 0 | M5: 0 | N5: 0 | O5: 0 | P5: 0 | Q5: 1 | T5: 21 | U5: 21 | V5: 0.668 | W5: 0.019 | X5: 0.649 | Y5: 0 | Z5: 0 | AA5: 0 | AB5: 0 | AC5: 0 | AD5: 0 | AE5: 0 | AF5: 0 | AG5: 1 | AJ5: 21 | AK5: 21 | AL5: 0.61 | AM5: 0.016 | AN5: 0.594 | AO5: 0 | AP5: 0 | AQ5: 0 | AR5: 0 | AS5: 0 | AT5: 0 | AU5: 0 | AV5: 0 | AW5: 1
A6: 3 | B6: 2 | D6: 21 | E6: 21 | F6: 0.668 | G6: 0.022 | H6: 0.646 | I6: 0 | J6: 0 | K6: 0 | L6: 0 | M6: 0 | N6: 0 | O6: 0 | P6: 0 | Q6: 1 | T6: 21 | U6: 21 | V6: 0.653 | W6: 0.023 | X6: 0.63 | Y6: 0 | Z6: 0 | AA6: 0 | AB6: 0 | AC6: 0 | AD6: 0 | AE6: 0 | AF6: 0 | AG6: 1 | AJ6: 21 | AK6: 21 | AL6: 0.583 | AM6: 0.016 | AN6: 0.567 | AO6: 0 | AP6: 0 | AQ6: 0 | AR6: 0 | AS6: 0 | AT6: 0 | AU6: 0 | AV6: 0 | AW6: 1
A7: 4 | B7: 2 | D7: 21 | E7: 21 | F7: 0.619 | G7: 0.022 | H7: 0.597 | I7: 0 | J7: 0 | K7: 0 | L7: 0 | M7: 0 | N7: 0 | O7: 0 | P7: 0 | Q7: 1 | T7: 21 | U7: 21 | V7: 0.593 | W7: 0.022 | X7: 0.571 | Y7: 0 | Z7: 0 | AA7: 0 | AB7: 0 | AC7: 0 | AD7: 0 | AE7: 0 | AF7: 0 | AG7: 1 | AJ7: 21 | AK7: 21 | AL7: 0.63 | AM7: 0.023 | AN7: 0.607 | AO7: 0 | AP7: 0 | AQ7: 0 | AR7: 0 | AS7: 0 | AT7: 0 | AU7: 0 | AV7: 0 | AW7: 1
A8: 2 | B8: 3 | D8: 20 | E8: 20 | F8: 0.54 | G8: 0.023 | H8: 0.517 | I8: 0 | J8: 0 | K8: 0 | L8: 0 | M8: 0 | N8: 0 | O8: 0 | P8: 0 | Q8: 1 | T8: 20 | U8: 20 | V8: 0.507 | W8: 0.024 | X8: 0.483 | Y8: 0 | Z8: 0 | AA8: 0 | AB8: 0 | AC8: 0 | AD8: 0 | AE8: 0 | AF8: 0 | AG8: 1 | AJ8: 20 | AK8: 20 | AL8: 0.562 | AM8: 0.026 | AN8: 0.536 | AO8: 0 | AP8: 0 | AQ8: 0 | AR8: 0 | AS8: 0 | AT8: 0 | AU8: 0 | AV8: 0 | AW8: 1
A9: 3 | B9: 3 | D9: 20 | E9: 20 | F9: 0.489 | G9: 0.017 | H9: 0.472 | I9: 0 | J9: 0 | K9: 0 | L9: 0 | M9: 0 | N9: 0 | O9: 0 | P9: 0 | Q9: 1 | T9: 20 | U9: 20 | V9: 0.514 | W9: 0.024 | X9: 0.49 | Y9: 0 | Z9: 0 | AA9: 0 | AB9: 0 | AC9: 0 | AD9: 0 | AE9: 0 | AF9: 0 | AG9: 1 | AJ9: 20 | AK9: 20 | AL9: 0.541 | AM9: 0.026 | AN9: 0.515 | AO9: 0 | AP9: 0 | AQ9: 0 | AR9: 0 | AS9: 0 | AT9: 0 | AU9: 0 | AV9: 0 | AW9: 1
A10: 4 | B10: 3 | D10: 20 | E10: 20 | F10: 0.592 | G10: 0.024 | H10: 0.568 | I10: 0 | J10: 0 | K10: 0 | L10: 0 | M10: 0 | N10: 0 | O10: 0 | P10: 0 | Q10: 1 | T10: 20 | U10: 20 | V10: 0.593 | W10: 0.024 | X10: 0.569 | Y10: 0 | Z10: 0 | AA10: 0 | AB10: 0 | AC10: 0 | AD10: 0 | AE10: 0 | AF10: 0 | AG10: 1 | AJ10: 20 | AK10: 20 | AL10: 0.629 | AM10: 0.025 | AN10: 0.604 | AO10: 0 | AP10: 0 | AQ10: 0 | AR10: 0 | AS10: 0 | AT10: 0 | AU10: 0 | AV10: 0 | AW10: 1
A11: 2 | B11: 4 | D11: 24 | E11: 24 | F11: 0.645 | G11: 0.019 | H11: 0.626 | I11: 0 | J11: 0 | K11: 0 | L11: 0 | M11: 0 | N11: 0 | O11: 0 | P11: 0 | Q11: 1 | T11: 24 | U11: 24 | V11: 0.651 | W11: 0.025 | X11: 0.626 | Y11: 0 | Z11: 0 | AA11: 0 | AB11: 0 | AC11: 0 | AD11: 0 | AE11: 0 | AF11: 0 | AG11: 1 | AJ11: 24 | AK11: 24 | AL11: 0.654 | AM11: 0.025 | AN11: 0.629 | AO11: 0 | AP11: 0 | AQ11: 0 | AR11: 0 | AS11: 0 | AT11: 0 | AU11: 0 | AV11: 0 | AW11: 1
A12: 3 | B12: 4 | D12: 24 | E12: 24 | F12: 0.678 | G12: 0.026 | H12: 0.652 | I12: 0 | J12: 0 | K12: 0 | L12: 0 | M12: 0 | N12: 0 | O12: 0 | P12: 0 | Q12: 1 | T12: 24 | U12: 24 | V12: 0.674 | W12: 0.024 | X12: 0.65 | Y12: 0 | Z12: 0 | AA12: 0 | AB12: 0 | AC12: 0 | AD12: 0 | AE12: 0 | AF12: 0 | AG12: 1 | AJ12: 24 | AK12: 24 | AL12: 0.685 | AM12: 0.027 | AN12: 0.658 | AO12: 0 | AP12: 0 | AQ12: 0 | AR12: 0 | AS12: 0 | AT12: 0 | AU12: 0 | AV12: 0 | AW12: 1
A13: 4 | B13: 4 | D13: 24 | E13: 24 | F13: 0.677 | G13: 0.025 | H13: 0.652 | I13: 0 | J13: 0 | K13: 0 | L13: 0 | M13: 0 | N13: 0 | O13: 0 | P13: 0 | Q13: 1 | T13: 24 | U13: 24 | V13: 0.671 | W13: 0.019 | X13: 0.652 | Y13: 0 | Z13: 0 | AA13: 0 | AB13: 0 | AC13: 0 | AD13: 0 | AE13: 0 | AF13: 0 | AG13: 1 | AJ13: 24 | AK13: 24 | AL13: 0.67 | AM13: 0.028 | AN13: 0.642 | AO13: 0 | AP13: 0 | AQ13: 0 | AR13: 0 | AS13: 0 | AT13: 0 | AU13: 0 | AV13: 0 | AW13: 1
... A1351: 4 | B1351: 450 | D1351: 53 | E1351: 53 | F1351: 0.314 | G1351: 0.055 | H1351: 0.259 | I1351: 0 | J1351: 0 | K1351: 0 | L1351: 0 | M1351: 0 | N1351: 0 | O1351: 0 | P1351: 0 | Q1351: 1 | T1351: 53 | U1351: 53 | V1351: 0.334 | W1351: 0.072 | X1351: 0.262 | Y1351: 0 | Z1351: 0 | AA1351: 0 | AB1351: 0 | AC1351: 0 | AD1351: 0 | AE1351: 0 | AF1351: 0 | AG1351: 1 | AJ1351: 53 | AK1351: 53 | AL1351: 0.313 | AM1351: 0.064 | AN1351: 0.249 | AO1351: 0 | AP1351: 0 | AQ1351: 0 | AR1351: 0 | AS1351: 0 | AT1351: 0 | AU1351: 0 | AV1351: 0 | AW1351: 1

Sheet Sensitivity analysis r
C1: UB | D1: LB | E1: totalTime | F1: LBTime | G1: initTime | H1: pricingTime | I1: separateCPTime | J1: separateTCTime | K1: totalColNum | L1: CPcutNum | M1: TCcutNum | N1: maxBBTreeDepth | O1: numNodeExplored | P1: instance feasibility | S1: BM | T1: r | U1: UB | V1: LB | W1: time | X1: PB | Y1: r | Z1: UB | AA1: LB | AB1: time | AC1: PM | AD1: r | AE1: UB | AF1: LB | AG1: time
A2: 0.9 | B2: 301 | C2: 23 | D2: 23 | E2: 0.756 | F2: 0.018 | G2: 0.738 | H2: 0 | I2: 0 | J2: 0 | K2: 0 | L2: 0 | M2: 0 | N2: 0 | O2: 0 | P2: 1 | T2: 0.9 | U2: =AVERAGE(C2:C26) -> 22.84 | V2: =AVERAGE(D2:D26) -> 22.84 | W2: =AVERAGE(E2:E26) -> 0.7568 | Y2: 0.9 | Z2: =AVERAGE(C27:C51) -> 14.36 | AA2: =AVERAGE(D27:D51) -> 14.36 | AB2: =AVERAGE(E27:E51) -> 0.53384 | AD2: 0.9 | AE2: =AVERAGE(C52:C76) -> 54.08 | AF2: =AVERAGE(D52:D76) -> 54.04 | AG2: =AVERAGE(E52:E76) -> 192.5112
A3: 0.9 | B3: 302 | C3: 24 | D3: 24 | E3: 0.718 | F3: 0.023 | G3: 0.695 | H3: 0 | I3: 0 | J3: 0 | K3: 0 | L3: 0 | M3: 0 | N3: 0 | O3: 0 | P3: 1 | T3: =T2-0.1 -> 0.8 | U3: =AVERAGE(C77:C101) -> 22.84 | V3: =AVERAGE(D77:D101) -> 22.84 | W3: =AVERAGE(E77:E101) -> 0.8226 | Y3: =Y2-0.1 -> 0.8 | Z3: =AVERAGE(C102:C126) -> 14.56 | AA3: =AVERAGE(D102:D126) -> 14.52 | AB3: =AVERAGE(E102:E126) -> 144.77388 | AD3: =AD2-0.1 -> 0.8 | AE3: =AVERAGE(C127:C151) -> 54.12 | AF3: =AVERAGE(D127:D151) -> 54.04 | AG3: =AVERAGE(E127:E151) -> 292.05792
A4: 0.9 | B4: 303 | C4: 24 | D4: 24 | E4: 0.766 | F4: 0.024 | G4: 0.742 | H4: 0 | I4: 0 | J4: 0 | K4: 0 | L4: 0 | M4: 0 | N4: 0 | O4: 0 | P4: 1 | T4: =T3-0.1 -> 0.7 | U4: =AVERAGE(C152:C176) -> 22.88 | V4: =AVERAGE(D152:D176) -> 22.88 | W4: =AVERAGE(E152:E176) -> 0.83168 | Y4: =Y3-0.1 -> 0.7 | Z4: =AVERAGE(C177:C201) -> 15.08 | AA4: =AVERAGE(D177:D201) -> 15.04 | AB4: =AVERAGE(E177:E201) -> 161.35836 | AD4: =AD3-0.1 -> 0.7 | AE4: =AVERAGE(C202:C226) -> 54.16 | AF4: =AVERAGE(D202:D226) -> 54.08 | AG4: =AVERAGE(E202:E226) -> 342.5736
A5: 0.9 | B5: 304 | C5: 21 | D5: 21 | E5: 0.743 | F5: 0.024 | G5: 0.719 | H5: 0 | I5: 0 | J5: 0 | K5: 0 | L5: 0 | M5: 0 | N5: 0 | O5: 0 | P5: 1 | T5: =T4-0.1 -> 0.6 | U5: =AVERAGE(C227:C251) -> 22.92 | V5: =AVERAGE(D227:D251) -> 22.92 | W5: =AVERAGE(E227:E251) -> 0.70908 | Y5: =Y4-0.1 -> 0.6 | Z5: =AVERAGE(C252:C276) -> 15.72 | AA5: =AVERAGE(D252:D276) -> 15.4 | AB5: =AVERAGE(E252:E276) -> 671.42144 | AD5: =AD4-0.1 -> 0.6 | AE5: =AVERAGE(C277:C301) -> 54.2 | AF5: =AVERAGE(D277:D301) -> 54.08 | AG5: =AVERAGE(E277:E301) -> 453.93628
A6: 0.9 | B6: 305 | C6: 22 | D6: 22 | E6: 0.743 | F6: 0.026 | G6: 0.717 | H6: 0 | I6: 0 | J6: 0 | K6: 0 | L6: 0 | M6: 0 | N6: 0 | O6: 0 | P6: 1 | T6: =T5-0.1 -> 0.5 | U6: =AVERAGE(C302:C326) -> 23.2 | V6: =AVERAGE(D302:D326) -> 23.2 | W6: =AVERAGE(E302:E326) -> 0.81288 | Y6: =Y5-0.1 -> 0.5 | Z6: =AVERAGE(C327:C351) -> 16.8 | AA6: =AVERAGE(D327:D351) -> 16.6 | AB6: =AVERAGE(E327:E351) -> 291.51752 | AD6: =AD5-0.1 -> 0.5 | AE6: =AVERAGE(C352:C376) -> 54.36 | AF6: =AVERAGE(D352:D376) -> 54.16 | AG6: =AVERAGE(E352:E376) -> 989.98552
A7: 0.9 | B7: 306 | C7: 24 | D7: 24 | E7: 0.778 | F7: 0.024 | G7: 0.754 | H7: 0 | I7: 0 | J7: 0 | K7: 0 | L7: 0 | M7: 0 | N7: 0 | O7: 0 | P7: 1 | T7: =T6-0.1 -> 0.4 | U7: =AVERAGE(C377:C401) -> 23.16 | V7: =AVERAGE(D377:D401) -> 23.12 | W7: =AVERAGE(E377:E401) -> 144.87732 | Y7: =Y6-0.1 -> 0.4 | Z7: =AVERAGE(C402:C426) -> 17.16 | AA7: =AVERAGE(D402:D426) -> 15.44 | AB7: =AVERAGE(E402:E426) -> 2467.0538 | AD7: =AD6-0.1 -> 0.4 | AE7: =AVERAGE(C427:C451) -> 54.36 | AF7: =AVERAGE(D427:D451) -> 54.12 | AG7: =AVERAGE(E427:E451) -> 886.09708
A8: 0.9 | B8: 307 | C8: 23 | D8: 23 | E8: 0.787 | F8: 0.024 | G8: 0.763 | H8: 0 | I8: 0 | J8: 0 | K8: 0 | L8: 0 | M8: 0 | N8: 0 | O8: 0 | P8: 1 | T8: =T7-0.1 -> 0.3 | U8: =AVERAGE(C452:C476) -> 24.72 | V8: =AVERAGE(D452:D476) -> 24.72 | W8: =AVERAGE(E452:E476) -> 1.72636 | Y8: =Y7-0.1 -> 0.3 | Z8: =AVERAGE(C477:C501) -> 19.84 | AA8: =AVERAGE(D477:D501) -> 18.68 | AB8: =AVERAGE(E477:E501) -> 937.38792 | AD8: =AD7-0.1 -> 0.3 | AE8: =AVERAGE(C502:C526) -> 54.68 | AF8: =AVERAGE(D502:D526) -> 54.32 | AG8: =AVERAGE(E502:E526) -> 1403.6016
A9: 0.9 | B9: 308 | C9: 21 | D9: 21 | E9: 0.576 | F9: 0.018 | G9: 0.558 | H9: 0 | I9: 0 | J9: 0 | K9: 0 | L9: 0 | M9: 0 | N9: 0 | O9: 0 | P9: 1 | T9: =T8-0.1 -> 0.2 | U9: =AVERAGE(C527:C551) -> 26.12 | V9: =AVERAGE(D527:D551) -> 25.24 | W9: =AVERAGE(E527:E551) -> 866.5726 | Y9: =Y8-0.1 -> 0.2 | Z9: =AVERAGE(C552:C576) -> 21.76 | AA9: =AVERAGE(D552:D576) -> 19.08 | AB9: =AVERAGE(E552:E576) -> 1874.5626 | AD9: =AD8-0.1 -> 0.2 | AE9: =AVERAGE(C577:C601) -> 55.32 | AF9: =AVERAGE(D577:D601) -> 54.76 | AG9: =AVERAGE(E577:E601) -> 1692.9072
A10: 0.9 | B10: 309 | C10: 21 | D10: 21 | E10: 0.831 | F10: 0.025 | G10: 0.806 | H10: 0 | I10: 0 | J10: 0 | K10: 0 | L10: 0 | M10: 0 | N10: 0 | O10: 0 | P10: 1 | T10: =T9-0.1 -> 0.1 | U10: =AVERAGE(C602:C626) -> 26.72 | V10: =AVERAGE(D602:D626) -> 25.36 | W10: =AVERAGE(E602:E626) -> 1009.3319 | Y10: =Y9-0.1 -> 0.1 | Z10: =AVERAGE(C627:C651) -> 22.12 | AA10: =AVERAGE(D627:D651) -> 20.68 | AB10: =AVERAGE(E627:E651) -> 1442.4591 | AD10: =AD9-0.1 -> 0.1 | AE10: =AVERAGE(C652:C676) -> 55.8 | AF10: =AVERAGE(D652:D676) -> 55.16 | AG10: =AVERAGE(E652:E676) -> 1549.5631
A11: 0.9 | B11: 310 | C11: 23 | D11: 23 | E11: 0.768 | F11: 0.026 | G11: 0.742 | H11: 0 | I11: 0 | J11: 0 | K11: 0 | L11: 0 | M11: 0 | N11: 0 | O11: 0 | P11: 1 | T11: 0 | U11: =AVERAGE(C677:C701) -> 29 | V11: =AVERAGE(D677:D701) -> 29 | W11: =AVERAGE(E677:E701) -> 1.74464 | Y11: 0 | Z11: =AVERAGE(C702:C726) -> 24.48 | AA11: =AVERAGE(D702:D726) -> 23.84 | AB11: =AVERAGE(E702:E726) -> 510.774 | AD11: 0 | AE11: =AVERAGE(C727:C751) -> 58.32 | AF11: =AVERAGE(D727:D751) -> 57.4 | AG11: =AVERAGE(E727:E751) -> 2254.6577
A12: 0.9 | B12: 311 | C12: 21 | D12: 21 | E12: 0.614 | F12: 0.025 | G12: 0.589 | H12: 0 | I12: 0 | J12: 0 | K12: 0 | L12: 0 | M12: 0 | N12: 0 | O12: 0 | P12: 1
A13: 0.9 | B13: 312 | C13: 22 | D13: 22 | E13: 0.763 | F13: 0.018 | G13: 0.745 | H13: 0 | I13: 0 | J13: 0 | K13: 0 | L13: 0 | M13: 0 | N13: 0 | O13: 0 | P13: 1
A14: 0.9 | B14: 313 | C14: 23 | D14: 23 | E14: 0.765 | F14: 0.02 | G14: 0.745 | H14: 0 | I14: 0 | J14: 0 | K14: 0 | L14: 0 | M14: 0 | N14: 0 | O14: 0 | P14: 1
A15: 0.9 | B15: 314 | C15: 19 | D15: 19 | E15: 0.587 | F15: 0.022 | G15: 0.565 | H15: 0 | I15: 0 | J15: 0 | K15: 0 | L15: 0 | M15: 0 | N15: 0 | O15: 0 | P15: 1
A16: 0.9 | B16: 315 | C16: 22 | D16: 22 | E16: 0.816 | F16: 0.024 | G16: 0.792 | H16: 0 | I16: 0 | J16: 0 | K16: 0 | L16: 0 | M16: 0 | N16: 0 | O16: 0 | P16: 1
A17: 0.9 | B17: 316 | C17: 24 | D17: 24 | E17: 0.826 | F17: 0.023 | G17: 0.803 | H17: 0 | I17: 0 | J17: 0 | K17: 0 | L17: 0 | M17: 0 | N17: 0 | O17: 0 | P17: 1
A18: 0.9 | B18: 317 | C18: 26 | D18: 26 | E18: 0.787 | F18: 0.019 | G18: 0.768 | H18: 0 | I18: 0 | J18: 0 | K18: 0 | L18: 0 | M18: 0 | N18: 0 | O18: 0 | P18: 1
A19: 0.9 | B19: 318 | C19: 21 | D19: 21 | E19: 0.777 | F19: 0.028 | G19: 0.749 | H19: 0 | I19: 0 | J19: 0 | K19: 0 | L19: 0 | M19: 0 | N19: 0 | O19: 0 | P19: 1
A20: 0.9 | B20: 319 | C20: 23 | D20: 23 | E20: 0.753 | F20: 0.023 | G20: 0.73 | H20: 0 | I20: 0 | J20: 0 | K20: 0 | L20: 0 | M20: 0 | N20: 0 | O20: 0 | P20: 1
A21: 0.9 | B21: 320 | C21: 23 | D21: 23 | E21: 0.745 | F21: 0.026 | G21: 0.719 | H21: 0 | I21: 0 | J21: 0 | K21: 0 | L21: 0 | M21: 0 | N21: 0 | O21: 0 | P21: 1
A22: 0.9 | B22: 321 | C22: 26 | D22: 26 | E22: 0.848 | F22: 0.026 | G22: 0.822 | H22: 0 | I22: 0 | J22: 0 | K22: 0 | L22: 0 | M22: 0 | N22: 0 | O22: 0 | P22: 1
A23: 0.9 | B23: 322 | C23: 23 | D23: 23 | E23: 0.729 | F23: 0.024 | G23: 0.705 | H23: 0 | I23: 0 | J23: 0 | K23: 0 | L23: 0 | M23: 0 | N23: 0 | O23: 0 | P23: 1
... A76: 0.9 | B76: 375 | C76: 57 | D76: 57 | E76: 0.506 | F76: 0.02 | G76: 0.486 | H76: 0 | I76: 0 | J76: 0 | K76: 0 | L76: 0 | M76: 0 | N76: 0 | O76: 0 | P76: 1
A77: =A2-0.1 -> 0.8 | B77: 301 | C77: 23 | D77: 23 | E77: 0.756 | F77: 0.023 | G77: 0.733 | H77: 0 | I77: 0 | J77: 0 | K77: 0 | L77: 0 | M77: 0 | N77: 0 | O77: 0 | P77: 1
A78: =A3-0.1 -> 0.8 | B78: 302 | C78: 24 | D78: 24 | E78: 0.704 | F78: 0.022 | G78: 0.682 | H78: 0 | I78: 0 | J78: 0 | K78: 0 | L78: 0 | M78: 0 | N78: 0 | O78: 0 | P78: 1
A79: =A4-0.1 -> 0.8 | B79: 303 | C79: 24 | D79: 24 | E79: 0.768 | F79: 0.025 | G79: 0.743 | H79: 0 | I79: 0 | J79: 0 | K79: 0 | L79: 0 | M79: 0 | N79: 0 | O79: 0 | P79: 1
A80: =A5-0.1 -> 0.8 | B80: 304 | C80: 21 | D80: 21 | E80: 0.717 | F80: 0.021 | G80: 0.696 | H80: 0 | I80: 0 | J80: 0 | K80: 0 | L80: 0 | M80: 0 | N80: 0 | O80: 0 | P80: 1
A81: =A6-0.1 -> 0.8 | B81: 305 | C81: 22 | D81: 22 | E81: 0.717 | F81: 0.024 | G81: 0.693 | H81: 0 | I81: 0 | J81: 0 | K81: 0 | L81: 0 | M81: 0 | N81: 0 | O81: 0 | P81: 1
A82: =A7-0.1 -> 0.8 | B82: 306 | C82: 24 | D82: 24 | E82: 0.791 | F82: 0.023 | G82: 0.768 | H82: 0 | I82: 0 | J82: 0 | K82: 0 | L82: 0 | M82: 0 | N82: 0 | O82: 0 | P82: 1
A83: =A8-0.1 -> 0.8 | B83: 307 | C83: 23 | D83: 23 | E83: 0.817 | F83: 0.024 | G83: 0.793 | H83: 0 | I83: 0 | J83: 0 | K83: 0 | L83: 0 | M83: 0 | N83: 0 | O83: 0 | P83: 1
A84: =A9-0.1 -> 0.8 | B84: 308 | C84: 21 | D84: 21 | E84: 0.561 | F84: 0.022 | G84: 0.539 | H84: 0 | I84: 0 | J84: 0 | K84: 0 | L84: 0 | M84: 0 | N84: 0 | O84: 0 | P84: 1
A85: =A10-0.1 -> 0.8 | B85: 309 | C85: 21 | D85: 21 | E85: 2.841 | F85: 0.025 | G85: 2.816 | H85: 0 | I85: 0 | J85: 0 | K85: 0 | L85: 0 | M85: 0 | N85: 0 | O85: 0 | P85: 1
A86: =A11-0.1 -> 0.8 | B86: 310 | C86: 23 | D86: 23 | E86: 0.74 | F86: 0.026 | G86: 0.714 | H86: 0 | I86: 0 | J86: 0 | K86: 0 | L86: 0 | M86: 0 | N86: 0 | O86: 0 | P86: 1
A87: =A12-0.1 -> 0.8 | B87: 311 | C87: 21 | D87: 21 | E87: 0.607 | F87: 0.023 | G87: 0.584 | H87: 0 | I87: 0 | J87: 0 | K87: 0 | L87: 0 | M87: 0 | N87: 0 | O87: 0 | P87: 1
A88: =A13-0.1 -> 0.8 | B88: 312 | C88: 22 | D88: 22 | E88: 0.738 | F88: 0.026 | G88: 0.712 | H88: 0 | I88: 0 | J88: 0 | K88: 0 | L88: 0 | M88: 0 | N88: 0 | O88: 0 | P88: 1
... A676: =A601-0.1 -> 0.1 | B676: 375 | C676: 58 | D676: 58 | E676: 220.883 | F676: 0.014 | G676: 10.023 | H676: 0.12 | I676: 1.655 | J676: 0 | K676: 8065 | L676: 8313 | M676: 0 | N676: 57 | O676: 115 | P676: 1
A677: 0 | B677: 301 | C677: 30 | D677: 30 | E677: 1.525 | F677: 0.029 | G677: 1.496 | H677: 0 | I677: 0 | J677: 0 | K677: 0 | L677: 0 | M677: 0 | N677: 0 | O677: 0 | P677: 1
A678: 0 | B678: 302 | C678: 32 | D678: 32 | E678: 1.65 | F678: 0.023 | G678: 1.627 | H678: 0 | I678: 0 | J678: 0 | K678: 0 | L678: 0 | M678: 0 | N678: 0 | O678: 0 | P678: 1
A679: 0 | B679: 303 | C679: 32 | D679: 32 | E679: 1.399 | F679: 0.024 | G679: 1.375 | H679: 0 | I679: 0 | J679: 0 | K679: 0 | L679: 0 | M679: 0 | N679: 0 | O679: 0 | P679: 1
A680: 0 | B680: 304 | C680: 25 | D680: 25 | E680: 1.091 | F680: 0.023 | G680: 1.068 | H680: 0 | I680: 0 | J680: 0 | K680: 0 | L680: 0 | M680: 0 | N680: 0 | O680: 0 | P680: 1
A681: 0 | B681: 305 | C681: 27 | D681: 27 | E681: 1.579 | F681: 0.026 | G681: 1.553 | H681: 0 | I681: 0 | J681: 0 | K681: 0 | L681: 0 | M681: 0 | N681: 0 | O681: 0 | P681: 1
A682: 0 | B682: 306 | C682: 28 | D682: 28 | E682: 1.115 | F682: 0.024 | G682: 1.091 | H682: 0 | I682: 0 | J682: 0 | K682: 0 | L682: 0 | M682: 0 | N682: 0 | O682: 0 | P682: 1
A683: 0 | B683: 307 | C683: 28 | D683: 28 | E683: 1.612 | F683: 0.022 | G683: 1.59 | H683: 0 | I683: 0 | J683: 0 | K683: 0 | L683: 0 | M683: 0 | N683: 0 | O683: 0 | P683: 1
A684: 0 | B684: 308 | C684: 29 | D684: 29 | E684: 4.491 | F684: 0.019 | G684: 4.472 | H684: 0 | I684: 0 | J684: 0 | K684: 0 | L684: 0 | M684: 0 | N684: 0 | O684: 0 | P684: 1
A685: 0 | B685: 309 | C685: 29 | D685: 29 | E685: 3.06 | F685: 0.026 | G685: 3.034 | H685: 0 | I685: 0 | J685: 0 | K685: 0 | L685: 0 | M685: 0 | N685: 0 | O685: 0 | P685: 1
A686: 0 | B686: 310 | C686: 27 | D686: 27 | E686: 1.08 | F686: 0.028 | G686: 1.052 | H686: 0 | I686: 0 | J686: 0 | K686: 0 | L686: 0 | M686: 0 | N686: 0 | O686: 0 | P686: 1
A687: 0 | B687: 311 | C687: 29 | D687: 29 | E687: 2.547 | F687: 0.026 | G687: 2.521 | H687: 0 | I687: 0 | J687: 0 | K687: 0 | L687: 0 | M687: 0 | N687: 0 | O687: 0 | P687: 1
A688: 0 | B688: 312 | C688: 28 | D688: 28 | E688: 1.146 | F688: 0.025 | G688: 1.121 | H688: 0 | I688: 0 | J688: 0 | K688: 0 | L688: 0 | M688: 0 | N688: 0 | O688: 0 | P688: 1
... A751: 0 | B751: 375 | C751: 60 | D751: 60 | E751: 233.013 | F751: 0.014 | G751: 10.01 | H751: 0.124 | I751: 2.398 | J751: 0 | K751: 6776 | L751: 7889 | M751: 0 | N751: 59 | O751: 117 | P751: 1

Sheet Sensitivity analysis Ck
A1: Ck value | B1: instances | C1: UB | D1: LB | E1: opt | F1: gap | G1: totalTime | H1: LBTime | I1: initTime | J1: pricingTime | K1: separateCPTime | L1: separateTCTime | M1: totalColNum | N1: CPcutNum | O1: TCcutNum | P1: maxBBTreeDepth | Q1: numNodeExplored | R1: feasibility | T1: Ck value | U1: opt | V1: gap | W1: totalTime
A2: Ck upper bar | B2: 301 | C2: ='C_k = bar{C}_k'!F903 -> 23 | D2: ='C_k = bar{C}_k'!G903 -> 23 | E2: ='C_k = bar{C}_k'!H903 -> 1 | F2: ='C_k = bar{C}_k'!I903 -> 0 | G2: ='C_k = bar{C}_k'!J903 -> 0.572 | H2: ='C_k = bar{C}_k'!K903 -> 0.018 | I2: ='C_k = bar{C}_k'!L903 -> 0.554 | J2: ='C_k = bar{C}_k'!M903 -> 0 | ... R2: ='C_k = bar{C}_k'!U903 -> 1 | T2: Ck upper bar | U2: =SUM(E2:E76) -> 74 | V2: =AVERAGE(F2:F76) -> 0.026143791 | W2: =AVERAGE(G2:G76) -> 75.863333
A3: Ck upper bar | B3: 302 | C3: ='C_k = bar{C}_k'!F906 -> 24 | D3: ='C_k = bar{C}_k'!G906 -> 24 | E3: ='C_k = bar{C}_k'!H906 -> 1 | F3: ='C_k = bar{C}_k'!I906 -> 0 | G3: ='C_k = bar{C}_k'!J906 -> 0.574 | H3: ='C_k = bar{C}_k'!K906 -> 0.016 | I3: ='C_k = bar{C}_k'!L906 -> 0.558 | J3: ='C_k = bar{C}_k'!M906 -> 0 | ... R3: ='C_k = bar{C}_k'!U906 -> 1 | T3: 0.75Ck upper bar + 0.25Ck lower bar | U3: =SUM(E77:E151) -> 75 | V3: =AVERAGE(F77:F151) -> 0 | W3: =AVERAGE(G77:G151) -> 25.979027
A4: Ck upper bar | B4: 303 | C4: ='C_k = bar{C}_k'!F909 -> 24 | D4: ='C_k = bar{C}_k'!G909 -> 24 | E4: ='C_k = bar{C}_k'!H909 -> 1 | F4: ='C_k = bar{C}_k'!I909 -> 0 | G4: ='C_k = bar{C}_k'!J909 -> 0.669 | H4: ='C_k = bar{C}_k'!K909 -> 0.025 | I4: ='C_k = bar{C}_k'!L909 -> 0.644 | J4: ='C_k = bar{C}_k'!M909 -> 0 | ... R4: ='C_k = bar{C}_k'!U909 -> 1 | T4: 0.5Ck upper bar + 0.5Ck lower bar | U4: =SUM(E152:E226) -> 75 | V4: =AVERAGE(F152:F226) -> 0 | W4: =AVERAGE(G152:G226) -> 25.975787
A5: Ck upper bar | B5: 304 | C5: ='C_k = bar{C}_k'!F912 -> 21 | D5: ='C_k = bar{C}_k'!G912 -> 21 | E5: ='C_k = bar{C}_k'!H912 -> 1 | F5: ='C_k = bar{C}_k'!I912 -> 0 | G5: ='C_k = bar{C}_k'!J912 -> 0.637 | H5: ='C_k = bar{C}_k'!K912 -> 0.024 | I5: ='C_k = bar{C}_k'!L912 -> 0.613 | J5: ='C_k = bar{C}_k'!M912 -> 0 | ... R5: ='C_k = bar{C}_k'!U912 -> 1 | T5: 0.25Ck upper bar + 0.75Ck lower bar | U5: =SUM(E227:E301) -> 75 | V5: =AVERAGE(F227:F301) -> 0 | W5: =AVERAGE(G227:G301) -> 25.939947
A6: Ck upper bar | B6: 305 | C6: ='C_k = bar{C}_k'!F915 -> 22 | D6: ='C_k = bar{C}_k'!G915 -> 22 | E6: ='C_k = bar{C}_k'!H915 -> 1 | F6: ='C_k = bar{C}_k'!I915 -> 0 | G6: ='C_k = bar{C}_k'!J915 -> 0.642 | H6: ='C_k = bar{C}_k'!K915 -> 0.026 | I6: ='C_k = bar{C}_k'!L915 -> 0.616 | J6: ='C_k = bar{C}_k'!M915 -> 0 | ... R6: ='C_k = bar{C}_k'!U915 -> 1 | T6: Ck lower bar | U6: =SUM(E302:E376) -> 75 | V6: =AVERAGE(F302:F376) -> 0 | W6: =AVERAGE(G302:G376) -> 26.002133
A7: Ck upper bar | B7: 306 | C7: ='C_k = bar{C}_k'!F918 -> 24 | D7: ='C_k = bar{C}_k'!G918 -> 24 | E7: ='C_k = bar{C}_k'!H918 -> 1 | F7: ='C_k = bar{C}_k'!I918 -> 0 | G7: ='C_k = bar{C}_k'!J918 -> 0.735 | H7: ='C_k = bar{C}_k'!K918 -> 0.019 | I7: ='C_k = bar{C}_k'!L918 -> 0.716 | J7: ='C_k = bar{C}_k'!M918 -> 0 | ... R7: ='C_k = bar{C}_k'!U918 -> 1
A8: Ck upper bar | B8: 307 | C8: ='C_k = bar{C}_k'!F921 -> 23 | D8: ='C_k = bar{C}_k'!G921 -> 23 | E8: ='C_k = bar{C}_k'!H921 -> 1 | F8: ='C_k = bar{C}_k'!I921 -> 0 | G8: ='C_k = bar{C}_k'!J921 -> 0.784 | H8: ='C_k = bar{C}_k'!K921 -> 0.028 | I8: ='C_k = bar{C}_k'!L921 -> 0.756 | J8: ='C_k = bar{C}_k'!M921 -> 0 | ... R8: ='C_k = bar{C}_k'!U921 -> 1
A9: Ck upper bar | B9: 308 | C9: ='C_k = bar{C}_k'!F924 -> 21 | D9: ='C_k = bar{C}_k'!G924 -> 21 | E9: ='C_k = bar{C}_k'!H924 -> 1 | F9: ='C_k = bar{C}_k'!I924 -> 0 | G9: ='C_k = bar{C}_k'!J924 -> 0.538 | H9: ='C_k = bar{C}_k'!K924 -> 0.024 | I9: ='C_k = bar{C}_k'!L924 -> 0.514 | J9: ='C_k = bar{C}_k'!M924 -> 0 | ... R9: ='C_k = bar{C}_k'!U924 -> 1
A10: Ck upper bar | B10: 309 | C10: ='C_k = bar{C}_k'!F927 -> 22 | D10: ='C_k = bar{C}_k'!G927 -> 22 | E10: ='C_k = bar{C}_k'!H927 -> 1 | F10: ='C_k = bar{C}_k'!I927 -> 0 | G10: ='C_k = bar{C}_k'!J927 -> 1.801 | H10: ='C_k = bar{C}_k'!K927 -> 0.024 | I10: ='C_k = bar{C}_k'!L927 -> 1.777 | J10: ='C_k = bar{C}_k'!M927 -> 0 | ... R10: ='C_k = bar{C}_k'!U927 -> 1
A11: Ck upper bar | B11: 310 | C11: ='C_k = bar{C}_k'!F930 -> 23 | D11: ='C_k = bar{C}_k'!G930 -> 23 | E11: ='C_k = bar{C}_k'!H930 -> 1 | F11: ='C_k = bar{C}_k'!I930 -> 0 | G11: ='C_k = bar{C}_k'!J930 -> 0.721 | H11: ='C_k = bar{C}_k'!K930 -> 0.027 | I11: ='C_k = bar{C}_k'!L930 -> 0.694 | J11: ='C_k = bar{C}_k'!M930 -> 0 | ... R11: ='C_k = bar{C}_k'!U930 -> 1
A12: Ck upper bar | B12: 311 | C12: ='C_k = bar{C}_k'!F933 -> 21 | D12: ='C_k = bar{C}_k'!G933 -> 21 | E12: ='C_k = bar{C}_k'!H933 -> 1 | F12: ='C_k = bar{C}_k'!I933 -> 0 | G12: ='C_k = bar{C}_k'!J933 -> 0.556 | H12: ='C_k = bar{C}_k'!K933 -> 0.025 | I12: ='C_k = bar{C}_k'!L933 -> 0.531 | J12: ='C_k = bar{C}_k'!M933 -> 0 | ... R12: ='C_k = bar{C}_k'!U933 -> 1
A13: Ck upper bar | B13: 312 | C13: ='C_k = bar{C}_k'!F936 -> 22 | D13: ='C_k = bar{C}_k'!G936 -> 22 | E13: ='C_k = bar{C}_k'!H936 -> 1 | F13: ='C_k = bar{C}_k'!I936 -> 0 | G13: ='C_k = bar{C}_k'!J936 -> 0.7 | H13: ='C_k = bar{C}_k'!K936 -> 0.025 | I13: ='C_k = bar{C}_k'!L936 -> 0.675 | J13: ='C_k = bar{C}_k'!M936 -> 0 | ... R13: ='C_k = bar{C}_k'!U936 -> 1
A14: Ck upper bar | B14: 313 | C14: ='C_k = bar{C}_k'!F939 -> 23 | D14: ='C_k = bar{C}_k'!G939 -> 23 | E14: ='C_k = bar{C}_k'!H939 -> 1 | F14: ='C_k = bar{C}_k'!I939 -> 0 | G14: ='C_k = bar{C}_k'!J939 -> 0.679 | H14: ='C_k = bar{C}_k'!K939 -> 0.027 | I14: ='C_k = bar{C}_k'!L939 -> 0.652 | J14: ='C_k = bar{C}_k'!M939 -> 0 | ... R14: ='C_k = bar{C}_k'!U939 -> 1
A15: Ck upper bar | B15: 314 | C15: ='C_k = bar{C}_k'!F942 -> 19 | D15: ='C_k = bar{C}_k'!G942 -> 19 | E15: ='C_k = bar{C}_k'!H942 -> 1 | F15: ='C_k = bar{C}_k'!I942 -> 0 | G15: ='C_k = bar{C}_k'!J942 -> 0.562 | H15: ='C_k = bar{C}_k'!K942 -> 0.018 | I15: ='C_k = bar{C}_k'!L942 -> 0.544 | J15: ='C_k = bar{C}_k'!M942 -> 0 | ... R15: ='C_k = bar{C}_k'!U942 -> 1
A16: Ck upper bar | B16: 315 | C16: ='C_k = bar{C}_k'!F945 -> 22 | D16: ='C_k = bar{C}_k'!G945 -> 22 | E16: ='C_k = bar{C}_k'!H945 -> 1 | F16: ='C_k = bar{C}_k'!I945 -> 0 | G16: ='C_k = bar{C}_k'!J945 -> 0.805 | H16: ='C_k = bar{C}_k'!K945 -> 0.027 | I16: ='C_k = bar{C}_k'!L945 -> 0.778 | J16: ='C_k = bar{C}_k'!M945 -> 0 | ... R16: ='C_k = bar{C}_k'!U945 -> 1
A17: Ck upper bar | B17: 316 | C17: ='C_k = bar{C}_k'!F948 -> 24 | D17: ='C_k = bar{C}_k'!G948 -> 24 | E17: ='C_k = bar{C}_k'!H948 -> 1 | F17: ='C_k = bar{C}_k'!I948 -> 0 | G17: ='C_k = bar{C}_k'!J948 -> 0.758 | H17: ='C_k = bar{C}_k'!K948 -> 0.024 | I17: ='C_k = bar{C}_k'!L948 -> 0.734 | J17: ='C_k = bar{C}_k'!M948 -> 0 | ... R17: ='C_k = bar{C}_k'!U948 -> 1
A18: Ck upper bar | B18: 317 | C18: ='C_k = bar{C}_k'!F951 -> 26 | D18: ='C_k = bar{C}_k'!G951 -> 26 | E18: ='C_k = bar{C}_k'!H951 -> 1 | F18: ='C_k = bar{C}_k'!I951 -> 0 | G18: ='C_k = bar{C}_k'!J951 -> 0.782 | H18: ='C_k = bar{C}_k'!K951 -> 0.025 | I18: ='C_k = bar{C}_k'!L951 -> 0.757 | J18: ='C_k = bar{C}_k'!M951 -> 0 | ... R18: ='C_k = bar{C}_k'!U951 -> 1
A19: Ck upper bar | B19: 318 | C19: ='C_k = bar{C}_k'!F954 -> 21 | D19: ='C_k = bar{C}_k'!G954 -> 21 | E19: ='C_k = bar{C}_k'!H954 -> 1 | F19: ='C_k = bar{C}_k'!I954 -> 0 | G19: ='C_k = bar{C}_k'!J954 -> 0.693 | H19: ='C_k = bar{C}_k'!K954 -> 0.02 | I19: ='C_k = bar{C}_k'!L954 -> 0.673 | J19: ='C_k = bar{C}_k'!M954 -> 0 | ... R19: ='C_k = bar{C}_k'!U954 -> 1
A20: Ck upper bar | B20: 319 | C20: ='C_k = bar{C}_k'!F957 -> 23 | D20: ='C_k = bar{C}_k'!G957 -> 23 | E20: ='C_k = bar{C}_k'!H957 -> 1 | F20: ='C_k = bar{C}_k'!I957 -> 0 | G20: ='C_k = bar{C}_k'!J957 -> 0.711 | H20: ='C_k = bar{C}_k'!K957 -> 0.019 | I20: ='C_k = bar{C}_k'!L957 -> 0.692 | J20: ='C_k = bar{C}_k'!M957 -> 0 | ... R20: ='C_k = bar{C}_k'!U957 -> 1
A21: Ck upper bar | B21: 320 | C21: ='C_k = bar{C}_k'!F960 -> 23 | D21: ='C_k = bar{C}_k'!G960 -> 23 | E21: ='C_k = bar{C}_k'!H960 -> 1 | F21: ='C_k = bar{C}_k'!I960 -> 0 | G21: ='C_k = bar{C}_k'!J960 -> 0.71 | H21: ='C_k = bar{C}_k'!K960 -> 0.025 | I21: ='C_k = bar{C}_k'!L960 -> 0.685 | J21: ='C_k = bar{C}_k'!M960 -> 0 | ... R21: ='C_k = bar{C}_k'!U960 -> 1
A22: Ck upper bar | B22: 321 | C22: ='C_k = bar{C}_k'!F963 -> 26 | D22: ='C_k = bar{C}_k'!G963 -> 26 | E22: ='C_k = bar{C}_k'!H963 -> 1 | F22: ='C_k = bar{C}_k'!I963 -> 0 | G22: ='C_k = bar{C}_k'!J963 -> 0.779 | H22: ='C_k = bar{C}_k'!K963 -> 0.025 | I22: ='C_k = bar{C}_k'!L963 -> 0.754 | J22: ='C_k = bar{C}_k'!M963 -> 0 | ... R22: ='C_k = bar{C}_k'!U963 -> 1
A23: Ck upper bar | B23: 322 | C23: ='C_k = bar{C}_k'!F966 -> 23 | D23: ='C_k = bar{C}_k'!G966 -> 23 | E23: ='C_k = bar{C}_k'!H966 -> 1 | F23: ='C_k = bar{C}_k'!I966 -> 0 | G23: ='C_k = bar{C}_k'!J966 -> 0.669 | H23: ='C_k = bar{C}_k'!K966 -> 0.024 | I23: ='C_k = bar{C}_k'!L966 -> 0.645 | J23: ='C_k = bar{C}_k'!M966 -> 0 | ... R23: ='C_k = bar{C}_k'!U966 -> 1
A24: Ck upper bar | B24: 323 | C24: ='C_k = bar{C}_k'!F969 -> 24 | D24: ='C_k = bar{C}_k'!G969 -> 24 | E24: ='C_k = bar{C}_k'!H969 -> 1 | F24: ='C_k = bar{C}_k'!I969 -> 0 | G24: ='C_k = bar{C}_k'!J969 -> 0.817 | H24: ='C_k = bar{C}_k'!K969 -> 0.023 | I24: ='C_k = bar{C}_k'!L969 -> 0.794 | J24: ='C_k = bar{C}_k'!M969 -> 0 | ... R24: ='C_k = bar{C}_k'!U969 -> 1
A25: Ck upper bar | B25: 324 | C25: ='C_k = bar{C}_k'!F972 -> 23 | D25: ='C_k = bar{C}_k'!G972 -> 23 | E25: ='C_k = bar{C}_k'!H972 -> 1 | F25: ='C_k = bar{C}_k'!I972 -> 0 | G25: ='C_k = bar{C}_k'!J972 -> 0.592 | H25: ='C_k = bar{C}_k'!K972 -> 0.021 | I25: ='C_k = bar{C}_k'!L972 -> 0.571 | J25: ='C_k = bar{C}_k'!M972 -> 0 | ... R25: ='C_k = bar{C}_k'!U972 -> 1
A26: Ck upper bar | B26: 325 | C26: ='C_k = bar{C}_k'!F975 -> 25 | D26: ='C_k = bar{C}_k'!G975 -> 25 | E26: ='C_k = bar{C}_k'!H975 -> 1 | F26: ='C_k = bar{C}_k'!I975 -> 0 | G26: ='C_k = bar{C}_k'!J975 -> 0.845 | H26: ='C_k = bar{C}_k'!K975 -> 0.028 | I26: ='C_k = bar{C}_k'!L975 -> 0.817 | J26: ='C_k = bar{C}_k'!M975 -> 0 | ... R26: ='C_k = bar{C}_k'!U975 -> 1
A27: Ck upper bar | B27: 326 | C27: ='C_k = bar{C}_k'!F978 -> 14 | D27: ='C_k = bar{C}_k'!G978 -> 14 | E27: ='C_k = bar{C}_k'!H978 -> 1 | F27: ='C_k = bar{C}_k'!I978 -> 0 | G27: ='C_k = bar{C}_k'!J978 -> 0.281 | H27: ='C_k = bar{C}_k'!K978 -> 0.02 | I27: ='C_k = bar{C}_k'!L978 -> 0.261 | J27: ='C_k = bar{C}_k'!M978 -> 0 | ... R27: ='C_k = bar{C}_k'!U978 -> 1
A28: Ck upper bar | B28: 327 | C28: ='C_k = bar{C}_k'!F981 -> 14 | D28: ='C_k = bar{C}_k'!G981 -> 14 | E28: ='C_k = bar{C}_k'!H981 -> 1 | F28: ='C_k = bar{C}_k'!I981 -> 0 | G28: ='C_k = bar{C}_k'!J981 -> 0.387 | H28: ='C_k = bar{C}_k'!K981 -> 0.021 | I28: ='C_k = bar{C}_k'!L981 -> 0.366 | J28: ='C_k = bar{C}_k'!M981 -> 0 | ... R28: ='C_k = bar{C}_k'!U981 -> 1
A29: Ck upper bar | B29: 328 | C29: ='C_k = bar{C}_k'!F984 -> 15 | D29: ='C_k = bar{C}_k'!G984 -> 15 | E29: ='C_k = bar{C}_k'!H984 -> 1 | F29: ='C_k = bar{C}_k'!I984 -> 0 | G29: ='C_k = bar{C}_k'!J984 -> 0.287 | H29: ='C_k = bar{C}_k'!K984 -> 0.019 | I29: ='C_k = bar{C}_k'!L984 -> 0.268 | J29: ='C_k = bar{C}_k'!M984 -> 0 | ... R29: ='C_k = bar{C}_k'!U984 -> 1
A30: Ck upper bar | B30: 329 | C30: ='C_k = bar{C}_k'!F987 -> 14 | D30: ='C_k = bar{C}_k'!G987 -> 14 | E30: ='C_k = bar{C}_k'!H987 -> 1 | F30: ='C_k = bar{C}_k'!I987 -> 0 | G30: ='C_k = bar{C}_k'!J987 -> 0.256 | H30: ='C_k = bar{C}_k'!K987 -> 0.023 | I30: ='C_k = bar{C}_k'!L987 -> 0.233 | J30: ='C_k = bar{C}_k'!M987 -> 0 | ... R30: ='C_k = bar{C}_k'!U987 -> 1
A31: Ck upper bar | B31: 330 | C31: ='C_k = bar{C}_k'!F990 -> 15 | D31: ='C_k = bar{C}_k'!G990 -> 15 | E31: ='C_k = bar{C}_k'!H990 -> 1 | F31: ='C_k = bar{C}_k'!I990 -> 0 | G31: ='C_k = bar{C}_k'!J990 -> 1.58 | H31: ='C_k = bar{C}_k'!K990 -> 0.019 | I31: ='C_k = bar{C}_k'!L990 -> 1.561 | J31: ='C_k = bar{C}_k'!M990 -> 0 | ... R31: ='C_k = bar{C}_k'!U990 -> 1
A32: Ck upper bar | B32: 331 | C32: ='C_k = bar{C}_k'!F993 -> 15 | D32: ='C_k = bar{C}_k'!G993 -> 15 | E32: ='C_k = bar{C}_k'!H993 -> 1 | F32: ='C_k = bar{C}_k'!I993 -> 0 | G32: ='C_k = bar{C}_k'!J993 -> 1.492 | H32: ='C_k = bar{C}_k'!K993 -> 0.021 | I32: ='C_k = bar{C}_k'!L993 -> 1.471 | J32: ='C_k = bar{C}_k'!M993 -> 0 | ... R32: ='C_k = bar{C}_k'!U993 -> 1
A33: Ck upper bar | B33: 332 | C33: ='C_k = bar{C}_k'!F996 -> 15 | D33: ='C_k = bar{C}_k'!G996 -> 15 | E33: ='C_k = bar{C}_k'!H996 -> 1 | F33: ='C_k = bar{C}_k'!I996 -> 0 | G33: ='C_k = bar{C}_k'!J996 -> 0.301 | H33: ='C_k = bar{C}_k'!K996 -> 0.017 | I33: ='C_k = bar{C}_k'!L996 -> 0.284 | J33: ='C_k = bar{C}_k'!M996 -> 0 | ... R33: ='C_k = bar{C}_k'!U996 -> 1
A34: Ck upper bar | B34: 333 | C34: ='C_k = bar{C}_k'!F999 -> 15 | D34: ='C_k = bar{C}_k'!G999 -> 15 | E34: ='C_k = bar{C}_k'!H999 -> 1 | F34: ='C_k = bar{C}_k'!I999 -> 0 | G34: ='C_k = bar{C}_k'!J999 -> 2.9 | H34: ='C_k = bar{C}_k'!K999 -> 0.022 | I34: ='C_k = bar{C}_k'!L999 -> 2.878 | J34: ='C_k = bar{C}_k'!M999 -> 0 | ... R34: ='C_k = bar{C}_k'!U999 -> 1
A35: Ck upper bar | B35: 334 | C35: ='C_k = bar{C}_k'!F1002 -> 15 | D35: ='C_k = bar{C}_k'!G1002 -> 15 | E35: ='C_k = bar{C}_k'!H1002 -> 1 | F35: ='C_k = bar{C}_k'!I1002 -> 0 | G35: ='C_k = bar{C}_k'!J1002 -> 1.556 | H35: ='C_k = bar{C}_k'!K1002 -> 0.023 | I35: ='C_k = bar{C}_k'!L1002 -> 1.533 | J35: ='C_k = bar{C}_k'!M1002 -> 0 | ... R35: ='C_k = bar{C}_k'!U1002 -> 1
A36: Ck upper bar | B36: 335 | C36: ='C_k = bar{C}_k'!F1005 -> 14 | D36: ='C_k = bar{C}_k'!G1005 -> 14 | E36: ='C_k = bar{C}_k'!H1005 -> 1 | F36: ='C_k = bar{C}_k'!I1005 -> 0 | G36: ='C_k = bar{C}_k'!J1005 -> 0.296 | H36: ='C_k = bar{C}_k'!K1005 -> 0.023 | I36: ='C_k = bar{C}_k'!L1005 -> 0.273 | J36: ='C_k = bar{C}_k'!M1005 -> 0 | ... R36: ='C_k = bar{C}_k'!U1005 -> 1
A37: Ck upper bar | B37: 336 | C37: ='C_k = bar{C}_k'!F1008 -> 15 | D37: ='C_k = bar{C}_k'!G1008 -> 15 | E37: ='C_k = bar{C}_k'!H1008 -> 1 | F37: ='C_k = bar{C}_k'!I1008 -> 0 | G37: ='C_k = bar{C}_k'!J1008 -> 0.432 | H37: ='C_k = bar{C}_k'!K1008 -> 0.021 | I37: ='C_k = bar{C}_k'!L1008 -> 0.411 | J37: ='C_k = bar{C}_k'!M1008 -> 0 | ... R37: ='C_k = bar{C}_k'!U1008 -> 1
A38: Ck upper bar | B38: 337 | C38: ='C_k = bar{C}_k'!F1011 -> 14 | D38: ='C_k = bar{C}_k'!G1011 -> 14 | E38: ='C_k = bar{C}_k'!H1011 -> 1 | F38: ='C_k = bar{C}_k'!I1011 -> 0 | G38: ='C_k = bar{C}_k'!J1011 -> 0.295 | H38: ='C_k = bar{C}_k'!K1011 -> 0.019 | I38: ='C_k = bar{C}_k'!L1011 -> 0.276 | J38: ='C_k = bar{C}_k'!M1011 -> 0 | ... R38: ='C_k = bar{C}_k'!U1011 -> 1
A39: Ck upper bar | B39: 338 | C39: ='C_k = bar{C}_k'!F1014 -> 15 | D39: ='C_k = bar{C}_k'!G1014 -> 15 | E39: ='C_k = bar{C}_k'!H1014 -> 1 | F39: ='C_k = bar{C}_k'!I1014 -> 0 | G39: ='C_k = bar{C}_k'!J1014 -> 1.554 | H39: ='C_k = bar{C}_k'!K1014 -> 0.022 | I39: ='C_k = bar{C}_k'!L1014 -> 1.532 | J39: ='C_k = bar{C}_k'!M1014 -> 0 | ... R39: ='C_k = bar{C}_k'!U1014 -> 1
A40: Ck upper bar | B40: 339 | C40: ='C_k = bar{C}_k'!F1017 -> 14 | D40: ='C_k = bar{C}_k'!G1017 -> 14 | E40: ='C_k = bar{C}_k'!H1017 -> 1 | F40: ='C_k = bar{C}_k'!I1017 -> 0 | G40: ='C_k = bar{C}_k'!J1017 -> 0.375 | H40: ='C_k = bar{C}_k'!K1017 -> 0.022 | I40: ='C_k = bar{C}_k'!L1017 -> 0.353 | J40: ='C_k = bar{C}_k'!M1017 -> 0 | ... R40: ='C_k = bar{C}_k'!U1017 -> 1
A41: Ck upper bar | B41: 340 | C41: ='C_k = bar{C}_k'!F1020 -> 14 | D41: ='C_k = bar{C}_k'!G1020 -> 14 | E41: ='C_k = bar{C}_k'!H1020 -> 1 | F41: ='C_k = bar{C}_k'!I1020 -> 0 | G41: ='C_k = bar{C}_k'!J1020 -> 0.335 | H41: ='C_k = bar{C}_k'!K1020 -> 0.021 | I41: ='C_k = bar{C}_k'!L1020 -> 0.314 | J41: ='C_k = bar{C}_k'!M1020 -> 0 | ... R41: ='C_k = bar{C}_k'!U1020 -> 1
A42: Ck upper bar | B42: 341 | C42: ='C_k = bar{C}_k'!F1023 -> 16 | D42: ='C_k = bar{C}_k'!G1023 -> 16 | E42: ='C_k = bar{C}_k'!H1023 -> 1 | F42: ='C_k = bar{C}_k'!I1023 -> 0 | G42: ='C_k = bar{C}_k'!J1023 -> 0.424 | H42: ='C_k = bar{C}_k'!K1023 -> 0.022 | I42: ='C_k = bar{C}_k'!L1023 -> 0.402 | J42: ='C_k = bar{C}_k'!M1023 -> 0 | ... R42: ='C_k = bar{C}_k'!U1023 -> 1
A43: Ck upper bar | B43: 342 | C43: ='C_k = bar{C}_k'!F1026 -> 15 | D43: ='C_k = bar{C}_k'!G1026 -> 15 | E43: ='C_k = bar{C}_k'!H1026 -> 1 | F43: ='C_k = bar{C}_k'!I1026 -> 0 | G43: ='C_k = bar{C}_k'!J1026 -> 1.238 | H43: ='C_k = bar{C}_k'!K1026 -> 0.021 | I43: ='C_k = bar{C}_k'!L1026 -> 1.217 | J43: ='C_k = bar{C}_k'!M1026 -> 0 | ... R43: ='C_k = bar{C}_k'!U1026 -> 1
A44: Ck upper bar | B44: 343 | C44: ='C_k = bar{C}_k'!F1029 -> 16 | D44: ='C_k = bar{C}_k'!G1029 -> 16 | E44: ='C_k = bar{C}_k'!H1029 -> 1 | F44: ='C_k = bar{C}_k'!I1029 -> 0 | G44: ='C_k = bar{C}_k'!J1029 -> 0.371 | H44: ='C_k = bar{C}_k'!K1029 -> 0.023 | I44: ='C_k = bar{C}_k'!L1029 -> 0.348 | J44: ='C_k = bar{C}_k'!M1029 -> 0 | ... R44: ='C_k = bar{C}_k'!U1029 -> 1
A45: Ck upper bar | B45: 344 | C45: ='C_k = bar{C}_k'!F1032 -> 15 | D45: ='C_k = bar{C}_k'!G1032 -> 15 | E45: ='C_k = bar{C}_k'!H1032 -> 1 | F45: ='C_k = bar{C}_k'!I1032 -> 0 | G45: ='C_k = bar{C}_k'!J1032 -> 0.312 | H45: ='C_k = bar{C}_k'!K1032 -> 0.022 | I45: ='C_k = bar{C}_k'!L1032 -> 0.29 | J45: ='C_k = bar{C}_k'!M1032 -> 0 | ... R45: ='C_k = bar{C}_k'!U1032 -> 1
A46: Ck upper bar | B46: 345 | C46: ='C_k = bar{C}_k'!F1035 -> 14 | D46: ='C_k = bar{C}_k'!G1035 -> 14 | E46: ='C_k = bar{C}_k'!H1035 -> 1 | F46: ='C_k = bar{C}_k'!I1035 -> 0 | G46: ='C_k = bar{C}_k'!J1035 -> 0.336 | H46: ='C_k = bar{C}_k'!K1035 -> 0.021 | I46: ='C_k = bar{C}_k'!L1035 -> 0.315 | J46: ='C_k = bar{C}_k'!M1035 -> 0 | ... R46: ='C_k = bar{C}_k'!U1035 -> 1
A47: Ck upper bar | B47: 346 | C47: ='C_k = bar{C}_k'!F1038 -> 15 | D47: ='C_k = bar{C}_k'!G1038 -> 15 | E47: ='C_k = bar{C}_k'!H1038 -> 1 | F47: ='C_k = bar{C}_k'!I1038 -> 0 | G47: ='C_k = bar{C}_k'!J1038 -> 1.295 | H47: ='C_k = bar{C}_k'!K1038 -> 0.021 | I47: ='C_k = bar{C}_k'!L1038 -> 1.274 | J47: ='C_k = bar{C}_k'!M1038 -> 0 | ... R47: ='C_k = bar{C}_k'!U1038 -> 1
A48: Ck upper bar | B48: 347 | C48: ='C_k = bar{C}_k'!F1041 -> 15 | D48: ='C_k = bar{C}_k'!G1041 -> 15 | E48: ='C_k = bar{C}_k'!H1041 -> 1 | F48: ='C_k = bar{C}_k'!I1041 -> 0 | G48: ='C_k = bar{C}_k'!J1041 -> 1.415 | H48: ='C_k = bar{C}_k'!K1041 -> 0.022 | I48: ='C_k = bar{C}_k'!L1041 -> 1.393 | J48: ='C_k = bar{C}_k'!M1041 -> 0 | ... R48: ='C_k = bar{C}_k'!U1041 -> 1
A49: Ck upper bar | B49: 348 | C49: ='C_k = bar{C}_k'!F1044 -> 14 | D49: ='C_k = bar{C}_k'!G1044 -> 14 | E49: ='C_k = bar{C}_k'!H1044 -> 1 | F49: ='C_k = bar{C}_k'!I1044 -> 0 | G49: ='C_k = bar{C}_k'!J1044 -> 0.364 | H49: ='C_k = bar{C}_k'!K1044 -> 0.022 | I49: ='C_k = bar{C}_k'!L1044 -> 0.342 | J49: ='C_k = bar{C}_k'!M1044 -> 0 | ... R49: ='C_k = bar{C}_k'!U1044 -> 1
A50: Ck upper bar | B50: 349 | C50: ='C_k = bar{C}_k'!F1047 -> 13 | D50: ='C_k = bar{C}_k'!G1047 -> 13 | E50: ='C_k = bar{C}_k'!H1047 -> 1 | F50: ='C_k = bar{C}_k'!I1047 -> 0 | G50: ='C_k = bar{C}_k'!J1047 -> 0.303 | H50: ='C_k = bar{C}_k'!K1047 -> 0.022 | I50: ='C_k = bar{C}_k'!L1047 -> 0.281 | J50: ='C_k = bar{C}_k'!M1047 -> 0 | ... R50: ='C_k = bar{C}_k'!U1047 -> 1
A51: Ck upper bar | B51: 350 | C51: ='C_k = bar{C}_k'!F1050 -> 14 | D51: ='C_k = bar{C}_k'!G1050 -> 14 | E51: ='C_k = bar{C}_k'!H1050 -> 1 | F51: ='C_k = bar{C}_k'!I1050 -> 0 | G51: ='C_k = bar{C}_k'!J1050 -> 0.278 | H51: ='C_k = bar{C}_k'!K1050 -> 0.024 | I51: ='C_k = bar{C}_k'!L1050 -> 0.254 | J51: ='C_k = bar{C}_k'!M1050 -> 0 | ... R51: ='C_k = bar{C}_k'!U1050 -> 1
A52: Ck upper bar | B52: 351 | C52: ='C_k = bar{C}_k'!F1053 -> 59 | D52: ='C_k = bar{C}_k'!G1053 -> 59 | E52: ='C_k = bar{C}_k'!H1053 -> 1 | F52: ='C_k = bar{C}_k'!I1053 -> 0 | G52: ='C_k = bar{C}_k'!J1053 -> 0.45 | H52: ='C_k = bar{C}_k'!K1053 -> 0.022 | I52: ='C_k = bar{C}_k'!L1053 -> 0.428 | J52: ='C_k = bar{C}_k'!M1053 -> 0 | ... R52: ='C_k = bar{C}_k'!U1053 -> 1
A53: Ck upper bar | B53: 352 | C53: ='C_k = bar{C}_k'!F1056 -> 63 | D53: ='C_k = bar{C}_k'!G1056 -> 63 | E53: ='C_k = bar{C}_k'!H1056 -> 1 | F53: ='C_k = bar{C}_k'!I1056 -> 0 | G53: ='C_k = bar{C}_k'!J1056 -> 0.345 | H53: ='C_k = bar{C}_k'!K1056 -> 0.022 | I53: ='C_k = bar{C}_k'!L1056 -> 0.323 | J53: ='C_k = bar{C}_k'!M1056 -> 0 | ... R53: ='C_k = bar{C}_k'!U1056 -> 1
A54: Ck upper bar | B54: 353 | C54: ='C_k = bar{C}_k'!F1059 -> 50 | D54: ='C_k = bar{C}_k'!G1059 -> 50 | E54: ='C_k = bar{C}_k'!H1059 -> 1 | F54: ='C_k = bar{C}_k'!I1059 -> 0 | G54: ='C_k = bar{C}_k'!J1059 -> 0.546 | H54: ='C_k = bar{C}_k'!K1059 -> 0.022 | I54: ='C_k = bar{C}_k'!L1059 -> 0.524 | J54: ='C_k = bar{C}_k'!M1059 -> 0 | ... R54: ='C_k = bar{C}_k'!U1059 -> 1
A55: Ck upper bar | B55: 354 | C55: ='C_k = bar{C}_k'!F1062 -> 52 | D55: ='C_k = bar{C}_k'!G1062 -> 51 | E55: ='C_k = bar{C}_k'!H1062 -> 0 | F55: ='C_k = bar{C}_k'!I1062 -> 1.9607843 | G55: ='C_k = bar{C}_k'!J1062 -> 3600.02 | H55: ='C_k = bar{C}_k'!K1062 -> 0.015 | I55: ='C_k = bar{C}_k'!L1062 -> 10.006 | J55: ='C_k = bar{C}_k'!M1062 -> 8.175 | ... R55: ='C_k = bar{C}_k'!U1062 -> 1
A56: Ck upper bar | B56: 355 | C56: ='C_k = bar{C}_k'!F1065 -> 54 | D56: ='C_k = bar{C}_k'!G1065 -> 54 | E56: ='C_k = bar{C}_k'!H1065 -> 1 | F56: ='C_k = bar{C}_k'!I1065 -> 0 | G56: ='C_k = bar{C}_k'!J1065 -> 91.821 | H56: ='C_k = bar{C}_k'!K1065 -> 0.037 | I56: ='C_k = bar{C}_k'!L1065 -> 9.997 | J56: ='C_k = bar{C}_k'!M1065 -> 0.1 | ... R56: ='C_k = bar{C}_k'!U1065 -> 1
A57: Ck upper bar | B57: 356 | C57: ='C_k = bar{C}_k'!F1068 -> 59 | D57: ='C_k = bar{C}_k'!G1068 -> 59 | E57: ='C_k = bar{C}_k'!H1068 -> 1 | F57: ='C_k = bar{C}_k'!I1068 -> 0 | G57: ='C_k = bar{C}_k'!J1068 -> 0.771 | H57: ='C_k = bar{C}_k'!K1068 -> 0.035 | I57: ='C_k = bar{C}_k'!L1068 -> 0.736 | J57: ='C_k = bar{C}_k'!M1068 -> 0 | ... R57: ='C_k = bar{C}_k'!U1068 -> 1
A58: Ck upper bar | B58: 357 | C58: ='C_k = bar{C}_k'!F1071 -> 53 | D58: ='C_k = bar{C}_k'!G1071 -> 53 | E58: ='C_k = bar{C}_k'!H1071 -> 1 | F58: ='C_k = bar{C}_k'!I1071 -> 0 | G58: ='C_k = bar{C}_k'!J1071 -> 0.877 | H58: ='C_k = bar{C}_k'!K1071 -> 0.033 | I58: ='C_k = bar{C}_k'!L1071 -> 0.844 | J58: ='C_k = bar{C}_k'!M1071 -> 0 | ... R58: ='C_k = bar{C}_k'!U1071 -> 1
A59: Ck upper bar | B59: 358 | C59: ='C_k = bar{C}_k'!F1074 -> 51 | D59: ='C_k = bar{C}_k'!G1074 -> 51 | E59: ='C_k = bar{C}_k'!H1074 -> 1 | F59: ='C_k = bar{C}_k'!I1074 -> 0 | G59: ='C_k = bar{C}_k'!J1074 -> 0.751 | H59: ='C_k = bar{C}_k'!K1074 -> 0.022 | I59: ='C_k = bar{C}_k'!L1074 -> 0.729 | J59: ='C_k = bar{C}_k'!M1074 -> 0 | ... R59: ='C_k = bar{C}_k'!U1074 -> 1
A60: Ck upper bar | B60: 359 | C60: ='C_k = bar{C}_k'!F1077 -> 53 | D60: ='C_k = bar{C}_k'!G1077 -> 53 | E60: ='C_k = bar{C}_k'!H1077 -> 1 | F60: ='C_k = bar{C}_k'!I1077 -> 0 | G60: ='C_k = bar{C}_k'!J1077 -> 30.933 | H60: ='C_k = bar{C}_k'!K1077 -> 0.031 | I60: ='C_k = bar{C}_k'!L1077 -> 9.994 | J60: ='C_k = bar{C}_k'!M1077 -> 0.029 | ... R60: ='C_k = bar{C}_k'!U1077 -> 1
A61: Ck upper bar | B61: 360 | C61: ='C_k = bar{C}_k'!F1080 -> 54 | D61: ='C_k = bar{C}_k'!G1080 -> 54 | E61: ='C_k = bar{C}_k'!H1080 -> 1 | F61: ='C_k = bar{C}_k'!I1080 -> 0 | G61: ='C_k = bar{C}_k'!J1080 -> 0.702 | H61: ='C_k = bar{C}_k'!K1080 -> 0.024 | I61: ='C_k = bar{C}_k'!L1080 -> 0.678 | J61: ='C_k = bar{C}_k'!M1080 -> 0 | ... R61: ='C_k = bar{C}_k'!U1080 -> 1
A62: Ck upper bar | B62: 361 | C62: ='C_k = bar{C}_k'!F1083 -> 51 | D62: ='C_k = bar{C}_k'!G1083 -> 51 | E62: ='C_k = bar{C}_k'!H1083 -> 1 | F62: ='C_k = bar{C}_k'!I1083 -> 0 | G62: ='C_k = bar{C}_k'!J1083 -> 73.854 | H62: ='C_k = bar{C}_k'!K1083 -> 0.029 | I62: ='C_k = bar{C}_k'!L1083 -> 9.992 | J62: ='C_k = bar{C}_k'!M1083 -> 0.324 | ... R62: ='C_k = bar{C}_k'!U1083 -> 1
A63: Ck upper bar | B63: 362 | C63: ='C_k = bar{C}_k'!F1086 -> 57 | D63: ='C_k = bar{C}_k'!G1086 -> 57 | E63: ='C_k = bar{C}_k'!H1086 -> 1 | F63: ='C_k = bar{C}_k'!I1086 -> 0 | G63: ='C_k = bar{C}_k'!J1086 -> 0.789 | H63: ='C_k = bar{C}_k'!K1086 -> 0.04 | I63: ='C_k = bar{C}_k'!L1086 -> 0.749 | J63: ='C_k = bar{C}_k'!M1086 -> 0 | ... R63: ='C_k = bar{C}_k'!U1086 -> 1
A64: Ck upper bar | B64: 363 | C64: ='C_k = bar{C}_k'!F1089 -> 52 | D64: ='C_k = bar{C}_k'!G1089 -> 52 | E64: ='C_k = bar{C}_k'!H1089 -> 1 | F64: ='C_k = bar{C}_k'!I1089 -> 0 | G64: ='C_k = bar{C}_k'!J1089 -> 0.703 | H64: ='C_k = bar{C}_k'!K1089 -> 0.022 | I64: ='C_k = bar{C}_k'!L1089 -> 0.681 | J64: ='C_k = bar{C}_k'!M1089 -> 0 | ... R64: ='C_k = bar{C}_k'!U1089 -> 1
A65: Ck upper bar | B65: 364 | C65: ='C_k = bar{C}_k'!F1092 -> 52 | D65: ='C_k = bar{C}_k'!G1092 -> 52 | E65: ='C_k = bar{C}_k'!H1092 -> 1 | F65: ='C_k = bar{C}_k'!I1092 -> 0 | G65: ='C_k = bar{C}_k'!J1092 -> 0.899 | H65: ='C_k = bar{C}_k'!K1092 -> 0.042 | I65: ='C_k = bar{C}_k'!L1092 -> 0.857 | J65: ='C_k = bar{C}_k'!M1092 -> 0 | ... R65: ='C_k = bar{C}_k'!U1092 -> 1
A66: Ck upper bar | B66: 365 | C66: ='C_k = bar{C}_k'!F1095 -> 52 | D66: ='C_k = bar{C}_k'!G1095 -> 52 | E66: ='C_k = bar{C}_k'!H1095 -> 1 | F66: ='C_k = bar{C}_k'!I1095 -> 0 | G66: ='C_k = bar{C}_k'!J1095 -> 1.218 | H66: ='C_k = bar{C}_k'!K1095 -> 0.04 | I66: ='C_k = bar{C}_k'!L1095 -> 1.178 | J66: ='C_k = bar{C}_k'!M1095 -> 0 | ... R66: ='C_k = bar{C}_k'!U1095 -> 1
A67: Ck upper bar | B67: 366 | C67: ='C_k = bar{C}_k'!F1098 -> 62 | D67: ='C_k = bar{C}_k'!G1098 -> 62 | E67: ='C_k = bar{C}_k'!H1098 -> 1 | F67: ='C_k = bar{C}_k'!I1098 -> 0 | G67: ='C_k = bar{C}_k'!J1098 -> 0.546 | H67: ='C_k = bar{C}_k'!K1098 -> 0.033 | I67: ='C_k = bar{C}_k'!L1098 -> 0.513 | J67: ='C_k = bar{C}_k'!M1098 -> 0 | ... R67: ='C_k = bar{C}_k'!U1098 -> 1
A68: Ck upper bar | B68: 367 | C68: ='C_k = bar{C}_k'!F1101 -> 55 | D68: ='C_k = bar{C}_k'!G1101 -> 55 | E68: ='C_k = bar{C}_k'!H1101 -> 1 | F68: ='C_k = bar{C}_k'!I1101 -> 0 | G68: ='C_k = bar{C}_k'!J1101 -> 0.772 | H68: ='C_k = bar{C}_k'!K1101 -> 0.037 | I68: ='C_k = bar{C}_k'!L1101 -> 0.735 | J68: ='C_k = bar{C}_k'!M1101 -> 0 | ... R68: ='C_k = bar{C}_k'!U1101 -> 1
A69: Ck upper bar | B69: 368 | C69: ='C_k = bar{C}_k'!F1104 -> 58 | D69: ='C_k = bar{C}_k'!G1104 -> 58 | E69: ='C_k = bar{C}_k'!H1104 -> 1 | F69: ='C_k = bar{C}_k'!I1104 -> 0 | G69: ='C_k = bar{C}_k'!J1104 -> 0.481 | H69: ='C_k = bar{C}_k'!K1104 -> 0.023 | I69: ='C_k = bar{C}_k'!L1104 -> 0.458 | J69: ='C_k = bar{C}_k'!M1104 -> 0 | ... R69: ='C_k = bar{C}_k'!U1104 -> 1
A70: Ck upper bar | B70: 369 | C70: ='C_k = bar{C}_k'!F1107 -> 51 | D70: ='C_k = bar{C}_k'!G1107 -> 51 | E70: ='C_k = bar{C}_k'!H1107 -> 1 | F70: ='C_k = bar{C}_k'!I1107 -> 0 | G70: ='C_k = bar{C}_k'!J1107 -> 0.965 | H70: ='C_k = bar{C}_k'!K1107 -> 0.027 | I70: ='C_k = bar{C}_k'!L1107 -> 0.938 | J70: ='C_k = bar{C}_k'!M1107 -> 0 | ... R70: ='C_k = bar{C}_k'!U1107 -> 1
A71: Ck upper bar | B71: 370 | C71: ='C_k = bar{C}_k'!F1110 -> 56 | D71: ='C_k = bar{C}_k'!G1110 -> 56 | E71: ='C_k = bar{C}_k'!H1110 -> 1 | F71: ='C_k = bar{C}_k'!I1110 -> 0 | G71: ='C_k = bar{C}_k'!J1110 -> 0.525 | H71: ='C_k = bar{C}_k'!K1110 -> 0.022 | I71: ='C_k = bar{C}_k'!L1110 -> 0.503 | J71: ='C_k = bar{C}_k'!M1110 -> 0 | ... R71: ='C_k = bar{C}_k'!U1110 -> 1
A72: Ck upper bar | B72: 371 | C72: ='C_k = bar{C}_k'!F1113 -> 53 | D72: ='C_k = bar{C}_k'!G1113 -> 53 | E72: ='C_k = bar{C}_k'!H1113 -> 1 | F72: ='C_k = bar{C}_k'!I1113 -> 0 | G72: ='C_k = bar{C}_k'!J1113 -> 1023.296 | H72: ='C_k = bar{C}_k'!K1113 -> 0.022 | I72: ='C_k = bar{C}_k'!L1113 -> 10.001 | J72: ='C_k = bar{C}_k'!M1113 -> 1.439 | ... R72: ='C_k = bar{C}_k'!U1113 -> 1
A73: Ck upper bar | B73: 372 | C73: ='C_k = bar{C}_k'!F1116 -> 48 | D73: ='C_k = bar{C}_k'!G1116 -> 48 | E73: ='C_k = bar{C}_k'!H1116 -> 1 | F73: ='C_k = bar{C}_k'!I1116 -> 0 | G73: ='C_k = bar{C}_k'!J1116 -> 1.311 | H73: ='C_k = bar{C}_k'!K1116 -> 0.024 | I73: ='C_k = bar{C}_k'!L1116 -> 1.287 | J73: ='C_k = bar{C}_k'!M1116 -> 0 | ... R73: ='C_k = bar{C}_k'!U1116 -> 1
A74: Ck upper bar | B74: 373 | C74: ='C_k = bar{C}_k'!F1119 -> 50 | D74: ='C_k = bar{C}_k'!G1119 -> 50 | E74: ='C_k = bar{C}_k'!H1119 -> 1 | F74: ='C_k = bar{C}_k'!I1119 -> 0 | G74: ='C_k = bar{C}_k'!J1119 -> 818.935 | H74: ='C_k = bar{C}_k'!K1119 -> 0.043 | I74: ='C_k = bar{C}_k'!L1119 -> 9.984 | J74: ='C_k = bar{C}_k'!M1119 -> 3.232 | ... R74: ='C_k = bar{C}_k'!U1119 -> 1
A75: Ck upper bar | B75: 374 | C75: ='C_k = bar{C}_k'!F1122 -> 51 | D75: ='C_k = bar{C}_k'!G1122 -> 51 | E75: ='C_k = bar{C}_k'!H1122 -> 1 | F75: ='C_k = bar{C}_k'!I1122 -> 0 | G75: ='C_k = bar{C}_k'!J1122 -> 0.631 | H75: ='C_k = bar{C}_k'!K1122 -> 0.039 | I75: ='C_k = bar{C}_k'!L1122 -> 0.592 | J75: ='C_k = bar{C}_k'!M1122 -> 0 | ... R75: ='C_k = bar{C}_k'!U1122 -> 1
A76: Ck upper bar | B76: 375 | C76: ='C_k = bar{C}_k'!F1125 -> 57 | D76: ='C_k = bar{C}_k'!G1125 -> 57 | E76: ='C_k = bar{C}_k'!H1125 -> 1 | F76: ='C_k = bar{C}_k'!I1125 -> 0 | G76: ='C_k = bar{C}_k'!J1125 -> 0.615 | H76: ='C_k = bar{C}_k'!K1125 -> 0.041 | I76: ='C_k = bar{C}_k'!L1125 -> 0.574 | J76: ='C_k = bar{C}_k'!M1125 -> 0 | ... R76: ='C_k = bar{C}_k'!U1125 -> 1
A77: 0.75Ck upper bar + 0.25Ck lower bar | B77: 301 | C77: 23 | D77: 23 | E77: =IF(C77=D77,1,0) -> 1 | F77: =(C77-D77)/D77*100 -> 0 | G77: 0.701 | H77: 0.028 | I77: 0.673 | J77: 0 | K77: 0 | L77: 0 | M77: 0 | N77: 0 | O77: 0 | P77: 0 | Q77: 0 | R77: 1
A78: 0.75Ck upper bar + 0.25Ck lower bar | B78: 302 | C78: 24 | D78: 24 | E78: =IF(C78=D78,1,0) -> 1 | F78: =(C78-D78)/D78*100 -> 0 | G78: 0.731 | H78: 0.023 | I78: 0.708 | J78: 0 | K78: 0 | L78: 0 | M78: 0 | N78: 0 | O78: 0 | P78: 0 | Q78: 0 | R78: 1
A79: 0.75Ck upper bar + 0.25Ck lower bar | B79: 303 | C79: 24 | D79: 24 | E79: =IF(C79=D79,1,0) -> 1 | F79: =(C79-D79)/D79*100 -> 0 | G79: 0.775 | H79: 0.023 | I79: 0.752 | J79: 0 | K79: 0 | L79: 0 | M79: 0 | N79: 0 | O79: 0 | P79: 0 | Q79: 0 | R79: 1
A80: 0.75Ck upper bar + 0.25Ck lower bar | B80: 304 | C80: 21 | D80: 21 | E80: =IF(C80=D80,1,0) -> 1 | F80: =(C80-D80)/D80*100 -> 0 | G80: 0.653 | H80: 0.024 | I80: 0.629 | J80: 0 | K80: 0 | L80: 0 | M80: 0 | N80: 0 | O80: 0 | P80: 0 | Q80: 0 | R80: 1
A81: 0.75Ck upper bar + 0.25Ck lower bar | B81: 305 | C81: 22 | D81: 22 | E81: =IF(C81=D81,1,0) -> 1 | F81: =(C81-D81)/D81*100 -> 0 | G81: 0.728 | H81: 0.021 | I81: 0.707 | J81: 0 | K81: 0 | L81: 0 | M81: 0 | N81: 0 | O81: 0 | P81: 0 | Q81: 0 | R81: 1
A82: 0.75Ck upper bar + 0.25Ck lower bar | B82: 306 | C82: 24 | D82: 24 | E82: =IF(C82=D82,1,0) -> 1 | F82: =(C82-D82)/D82*100 -> 0 | G82: 0.769 | H82: 0.023 | I82: 0.746 | J82: 0 | K82: 0 | L82: 0 | M82: 0 | N82: 0 | O82: 0 | P82: 0 | Q82: 0 | R82: 1
A83: 0.75Ck upper bar + 0.25Ck lower bar | B83: 307 | C83: 23 | D83: 23 | E83: =IF(C83=D83,1,0) -> 1 | F83: =(C83-D83)/D83*100 -> 0 | G83: 0.853 | H83: 0.028 | I83: 0.825 | J83: 0 | K83: 0 | L83: 0 | M83: 0 | N83: 0 | O83: 0 | P83: 0 | Q83: 0 | R83: 1
A84: 0.75Ck upper bar + 0.25Ck lower bar | B84: 308 | C84: 21 | D84: 21 | E84: =IF(C84=D84,1,0) -> 1 | F84: =(C84-D84)/D84*100 -> 0 | G84: 0.539 | H84: 0.022 | I84: 0.517 | J84: 0 | K84: 0 | L84: 0 | M84: 0 | N84: 0 | O84: 0 | P84: 0 | Q84: 0 | R84: 1
A85: 0.75Ck upper bar + 0.25Ck lower bar | B85: 309 | C85: 22 | D85: 22 | E85: =IF(C85=D85,1,0) -> 1 | F85: =(C85-D85)/D85*100 -> 0 | G85: 1.924 | H85: 0.025 | I85: 1.899 | J85: 0 | K85: 0 | L85: 0 | M85: 0 | N85: 0 | O85: 0 | P85: 0 | Q85: 0 | R85: 1
A86: 0.75Ck upper bar + 0.25Ck lower bar | B86: 310 | C86: 23 | D86: 23 | E86: =IF(C86=D86,1,0) -> 1 | F86: =(C86-D86)/D86*100 -> 0 | G86: 0.734 | H86: 0.025 | I86: 0.709 | J86: 0 | K86: 0 | L86: 0 | M86: 0 | N86: 0 | O86: 0 | P86: 0 | Q86: 0 | R86: 1
A87: 0.75Ck upper bar + 0.25Ck lower bar | B87: 311 | C87: 21 | D87: 21 | E87: =IF(C87=D87,1,0) -> 1 | F87: =(C87-D87)/D87*100 -> 0 | G87: 0.564 | H87: 0.026 | I87: 0.538 | J87: 0 | K87: 0 | L87: 0 | M87: 0 | N87: 0 | O87: 0 | P87: 0 | Q87: 0 | R87: 1
A88: 0.75Ck upper bar + 0.25Ck lower bar | B88: 312 | C88: 22 | D88: 22 | E88: =IF(C88=D88,1,0) -> 1 | F88: =(C88-D88)/D88*100 -> 0 | G88: 0.719 | H88: 0.024 | I88: 0.695 | J88: 0 | K88: 0 | L88: 0 | M88: 0 | N88: 0 | O88: 0 | P88: 0 | Q88: 0 | R88: 1
... A376: Ck lower bar | B376: 375 | C376: 57 | D376: 57 | E376: =IF(C376=D376,1,0) -> 1 | F376: =(C376-D376)/D376*100 -> 0 | G376: 0.531 | H376: 0.015 | I376: 0.516 | J376: 0 | K376: 0 | L376: 0 | M376: 0 | N376: 0 | O376: 0 | P376: 0 | Q376: 0 | R376: 1

Sheet Sensitivity analysis n
A1: TD | B1: number of tasks | C1: instances | D1: UB | E1: LB | F1: opt | G1: gap | H1: totalTime | I1: LBTime | J1: initTime | K1: pricingTime | L1: separateCPTime | M1: separateTCTime | N1: totalColNum | O1: CPcutNum | P1: TCcutNum | Q1: maxBBTreeDepth | R1: numNodeExplored | S1: instance feasibility | V1: n | W1: UB | X1: LB | Y1: opt | Z1: gap | AA1: time | AB1: nodes solved | AC1: nodes unsolved
A2: BM | B2: 110 | C2: 1 | D2: 37 | E2: 37 | F2: =IF(D2=E2,1,0) -> 1 | G2: =(D2-E2)/E2*100 -> 0 | H2: 1.566 | I2: 0.029 | J2: 1.537 | K2: 0 | L2: 0 | M2: 0 | N2: 0 | O2: 0 | P2: 0 | Q2: 0 | R2: 0 | S2: 1 | V2: 110 | W2: =AVERAGE(D2:D76) -> 38.106667 | X2: =AVERAGE(E2:E76) -> 38.013333 | Y2: =SUM(F2:F76) -> 69 | Z2: =AVERAGE(G2:G76) -> 0.21264541 | AA2: =AVERAGE(H2:H76) -> 310.18129 | AB2: =AVERAGEIF(F2:F76,"=1",R2:R76) -> 9.5072464 | AC2: =SUMIFS(R2:R76,F2:F76,"=0",R2:R76,">-1")/(75-Y2) -> 1978.6667
A3: BM | B3: 110 | C3: 2 | D3: 34 | E3: 34 | F3: =IF(D3=E3,1,0) -> 1 | G3: =(D3-E3)/E3*100 -> 0 | H3: 0.382 | I3: 0.017 | J3: 0.365 | K3: 0 | L3: 0 | M3: 0 | N3: 0 | O3: 0 | P3: 0 | Q3: 0 | R3: 0 | S3: 1 | V3: 120 | W3: =AVERAGE(D77:D151) -> 40.76 | X3: =AVERAGE(E77:E151) -> 40.666667 | Y3: =SUM(F77:F151) -> 68 | Z3: =AVERAGE(G77:G151) -> 0.17448402 | AA3: =AVERAGE(H77:H151) -> 348.11607 | AB3: =AVERAGEIF(F77:F151,"=1",R77:R151) -> 1.9558824 | AC3: =SUMIFS(R77:R151,F77:F151,"=0",R77:R151,">-1")/(75-Y3) -> 1107
A4: BM | B4: 110 | C4: 3 | D4: 35 | E4: 35 | F4: =IF(D4=E4,1,0) -> 1 | G4: =(D4-E4)/E4*100 -> 0 | H4: 1.782 | I4: 0.02 | J4: 1.762 | K4: 0 | L4: 0 | M4: 0 | N4: 0 | O4: 0 | P4: 0 | Q4: 0 | R4: 0 | S4: 1 | V4: 130 | W4: =AVERAGE(D152:D226) -> 43.733333 | X4: =AVERAGE(E152:E226) -> 43.586667 | Y4: =SUM(F152:F226) -> 64 | Z4: =AVERAGE(G152:G226) -> 0.28296087 | AA4: =AVERAGE(H152:H226) -> 573.06781 | AB4: =AVERAGEIF(F152:F226,"=1",R152:R226) -> 7 | AC4: =SUMIFS(R152:R226,F152:F226,"=0",R152:R226,">-1")/(75-Y4) -> 615
A5: BM | B5: 110 | C5: 4 | D5: 34 | E5: 34 | F5: =IF(D5=E5,1,0) -> 1 | G5: =(D5-E5)/E5*100 -> 0 | H5: 0.377 | I5: 0.024 | J5: 0.353 | K5: 0 | L5: 0 | M5: 0 | N5: 0 | O5: 0 | P5: 0 | Q5: 0 | R5: 0 | S5: 1 | V5: 140 | W5: =AVERAGE(D227:D301) -> 46.04 | X5: =AVERAGE(E227:E301) -> 45.893333 | Y5: =SUM(F227:F301) -> 64 | Z5: =AVERAGE(G227:G301) -> 0.21568505 | AA5: =AVERAGE(H227:H301) -> 595.9 | AB5: =AVERAGEIF(F227:F301,"=1",R227:R301) -> 7.5625 | AC5: =SUMIFS(R227:R301,F227:F301,"=0",R227:R301,">-1")/(75-Y5) -> 327
A6: BM | B6: 110 | C6: 5 | D6: 33 | E6: 33 | F6: =IF(D6=E6,1,0) -> 1 | G6: =(D6-E6)/E6*100 -> 0 | H6: 1.949 | I6: 0.019 | J6: 1.93 | K6: 0 | L6: 0 | M6: 0 | N6: 0 | O6: 0 | P6: 0 | Q6: 0 | R6: 0 | S6: 1 | V6: 150 | W6: =AVERAGE(D302:D376) -> 48.413333 | X6: =AVERAGE(E302:E376) -> 48.213333 | Y6: =SUM(F302:F376) -> 61 | Z6: =AVERAGE(G302:G376) -> 0.42141428 | AA6: =AVERAGE(H302:H376) -> 887.45719 | AB6: =AVERAGEIF(F302:F376,"=1",R302:R376) -> 26.770492 | AC6: =SUMIFS(R302:R376,F302:F376,"=0",R302:R376,">-1")/(75-Y6) -> 77.785714
A7: BM | B7: 110 | C7: 6 | D7: 40 | E7: 38 | F7: =IF(D7=E7,1,0) -> 0 | G7: =(D7-E7)/E7*100 -> 5.2631579 | H7: 3600.023 | I7: 0.026 | J7: 10.01 | K7: 35.639 | L7: 2.379 | M7: 0 | N7: 47624 | O7: 6328 | P7: 0 | Q7: 127 | R7: 2163 | S7: 1 | V7: 160 | W7: =AVERAGE(D377:D451) -> 51.173333 | X7: =AVERAGE(E377:E451) -> 50.893333 | Y7: =SUM(F377:F451) -> 55 | Z7: =AVERAGE(G377:G451) -> 0.74157973 | AA7: =AVERAGE(H377:H451) -> 1081.4824 | AB7: =AVERAGEIF(F377:F451,"=1",R377:R451) -> 12.927273 | AC7: =SUMIFS(R377:R451,F377:F451,"=0",R377:R451,">-1")/(75-Y7) -> 142
A8: BM | B8: 110 | C8: 7 | D8: 34 | E8: 34 | F8: =IF(D8=E8,1,0) -> 1 | G8: =(D8-E8)/E8*100 -> 0 | H8: 0.811 | I8: 0.036 | J8: 0.775 | K8: 0 | L8: 0 | M8: 0 | N8: 0 | O8: 0 | P8: 0 | Q8: 0 | R8: 0 | S8: 1 | V8: 170 | W8: =AVERAGE(D452:D526) -> 54.24 | X8: =AVERAGE(E452:E526) -> 53.84 | Y8: =SUM(F452:F526) -> 53 | Z8: =AVERAGE(G452:G526) -> 1.2882817 | AA8: =AVERAGE(H452:H526) -> 1096.1109 | AB8: =AVERAGEIF(F452:F526,"=1",R452:R526) -> 0.037735849 | AC8: =SUMIFS(R452:R526,F452:F526,"=0",R452:R526,">-1")/(75-Y8) -> 60.818182
A9: BM | B9: 110 | C9: 8 | D9: 36 | E9: 36 | F9: =IF(D9=E9,1,0) -> 1 | G9: =(D9-E9)/E9*100 -> 0 | H9: 0.734 | I9: 0.042 | J9: 0.692 | K9: 0 | L9: 0 | M9: 0 | N9: 0 | O9: 0 | P9: 0 | Q9: 0 | R9: 0 | S9: 1 | V9: 180 | W9: =AVERAGE(D527:D601) -> 57.173333 | X9: =AVERAGE(E527:E601) -> 56.933333 | Y9: =SUM(F527:F601) -> 58 | Z9: =AVERAGE(G527:G601) -> 0.40625118 | AA9: =AVERAGE(H527:H601) -> 871.96893 | AB9: =AVERAGEIF(F527:F601,"=1",R527:R601) -> 0.034482759 | AC9: =SUMIFS(R527:R601,F527:F601,"=0",R527:R601,">-1")/(75-Y9) -> 37.470588
A10: BM | B10: 110 | C10: 9 | D10: 32 | E10: 32 | F10: =IF(D10=E10,1,0) -> 1 | G10: =(D10-E10)/E10*100 -> 0 | H10: 2.386 | I10: 0.038 | J10: 2.348 | K10: 0 | L10: 0 | M10: 0 | N10: 0 | O10: 0 | P10: 0 | Q10: 0 | R10: 0 | S10: 1 | V10: 190 | W10: =AVERAGE(D602:D676) -> 59.893333 | X10: =AVERAGE(E602:E676) -> 59.573333 | Y10: =SUM(F602:F676) -> 53 | Z10: =AVERAGE(G602:G676) -> 0.7410832 | AA10: =AVERAGE(H602:H676) -> 1089.6029 | AB10: =AVERAGEIF(F602:F676,"=1",R602:R676) -> 0.18867925 | AC10: =SUMIFS(R602:R676,F602:F676,"=0",R602:R676,">-1")/(75-Y10) -> 16.454545
A11: BM | B11: 110 | C11: 10 | D11: 32 | E11: 32 | F11: =IF(D11=E11,1,0) -> 1 | G11: =(D11-E11)/E11*100 -> 0 | H11: 1.99 | I11: 0.031 | J11: 1.959 | K11: 0 | L11: 0 | M11: 0 | N11: 0 | O11: 0 | P11: 0 | Q11: 0 | R11: 0 | S11: 1 | V11: 200 | W11: =AVERAGE(D677:D751) -> 63.813333 | X11: =AVERAGE(E677:E751) -> 62.826667 | Y11: =SUM(F677:F751) -> 37 | Z11: =AVERAGE(G677:G751) -> 3.7878615 | AA11: =AVERAGE(H677:H751) -> 1872.3383 | AB11: =AVERAGEIF(F677:F751,"=1",R677:R751) -> 0.027027027 | AC11: =SUMIFS(R677:R751,F677:F751,"=0",R677:R751,">-1")/(75-Y11) -> 24
A12: BM | B12: 110 | C12: 11 | D12: 38 | E12: 37 | F12: =IF(D12=E12,1,0) -> 0 | G12: =(D12-E12)/E12*100 -> 2.7027027 | H12: 3600.039 | I12: 0.037 | J12: 9.986 | K12: 82.843 | L12: 0.39 | M12: 0 | N12: 50113 | O12: 887 | P12: 0 | Q12: 46 | R12: 563 | S12: 1
A13: BM | B13: 110 | C13: 12 | D13: 32 | E13: 32 | F13: =IF(D13=E13,1,0) -> 1 | G13: =(D13-E13)/E13*100 -> 0 | H13: 0.833 | I13: 0.037 | J13: 0.796 | K13: 0 | L13: 0 | M13: 0 | N13: 0 | O13: 0 | P13: 0 | Q13: 0 | R13: 0 | S13: 1
A14: BM | B14: 110 | C14: 13 | D14: 34 | E14: 34 | F14: =IF(D14=E14,1,0) -> 1 | G14: =(D14-E14)/E14*100 -> 0 | H14: 0.857 | I14: 0.046 | J14: 0.811 | K14: 0 | L14: 0 | M14: 0 | N14: 0 | O14: 0 | P14: 0 | Q14: 0 | R14: 0 | S14: 1
A15: BM | B15: 110 | C15: 14 | D15: 34 | E15: 34 | F15: =IF(D15=E15,1,0) -> 1 | G15: =(D15-E15)/E15*100 -> 0 | H15: 0.67 | I15: 0.043 | J15: 0.627 | K15: 0 | L15: 0 | M15: 0 | N15: 0 | O15: 0 | P15: 0 | Q15: 0 | R15: 0 | S15: 1
A16: BM | B16: 110 | C16: 15 | D16: 36 | E16: 36 | F16: =IF(D16=E16,1,0) -> 1 | G16: =(D16-E16)/E16*100 -> 0 | H16: 2.216 | I16: 0.044 | J16: 2.172 | K16: 0 | L16: 0 | M16: 0 | N16: 0 | O16: 0 | P16: 0 | Q16: 0 | R16: 0 | S16: 1
A17: BM | B17: 110 | C17: 16 | D17: 33 | E17: 33 | F17: =IF(D17=E17,1,0) -> 1 | G17: =(D17-E17)/E17*100 -> 0 | H17: 0.775 | I17: 0.045 | J17: 0.73 | K17: 0 | L17: 0 | M17: 0 | N17: 0 | O17: 0 | P17: 0 | Q17: 0 | R17: 0 | S17: 1
A18: BM | B18: 110 | C18: 17 | D18: 37 | E18: 36 | F18: =IF(D18=E18,1,0) -> 0 | G18: =(D18-E18)/E18*100 -> 2.7777778 | H18: 3600.044 | I18: 0.041 | J18: 11.229 | K18: 90.487 | L18: 7.247 | M18: 0 | N18: 46881 | O18: 6936 | P18: 0 | Q18: 92 | R18: 1291 | S18: 1
A19: BM | B19: 110 | C19: 18 | D19: 37 | E19: 37 | F19: =IF(D19=E19,1,0) -> 1 | G19: =(D19-E19)/E19*100 -> 0 | H19: 0.871 | I19: 0.036 | J19: 0.835 | K19: 0 | L19: 0 | M19: 0 | N19: 0 | O19: 0 | P19: 0 | Q19: 0 | R19: 0 | S19: 1
A20: BM | B20: 110 | C20: 19 | D20: 34 | E20: 34 | F20: =IF(D20=E20,1,0) -> 1 | G20: =(D20-E20)/E20*100 -> 0 | H20: 0.707 | I20: 0.042 | J20: 0.665 | K20: 0 | L20: 0 | M20: 0 | N20: 0 | O20: 0 | P20: 0 | Q20: 0 | R20: 0 | S20: 1
A21: BM | B21: 110 | C21: 20 | D21: 36 | E21: 36 | F21: =IF(D21=E21,1,0) -> 1 | G21: =(D21-E21)/E21*100 -> 0 | H21: 2.826 | I21: 0.043 | J21: 2.783 | K21: 0 | L21: 0 | M21: 0 | N21: 0 | O21: 0 | P21: 0 | Q21: 0 | R21: 0 | S21: 1
A22: BM | B22: 110 | C22: 21 | D22: 35 | E22: 35 | F22: =IF(D22=E22,1,0) -> 1 | G22: =(D22-E22)/E22*100 -> 0 | H22: 0.662 | I22: 0.04 | J22: 0.622 | K22: 0 | L22: 0 | M22: 0 | N22: 0 | O22: 0 | P22: 0 | Q22: 0 | R22: 0 | S22: 1
A23: BM | B23: 110 | C23: 22 | D23: 34 | E23: 34 | F23: =IF(D23=E23,1,0) -> 1 | G23: =(D23-E23)/E23*100 -> 0 | H23: 2.011 | I23: 0.049 | J23: 1.962 | K23: 0 | L23: 0 | M23: 0 | N23: 0 | O23: 0 | P23: 0 | Q23: 0 | R23: 0 | S23: 1
... A76: PM | B76: 110 | C76: 75 | D76: 66 | E76: 66 | F76: =IF(D76=E76,1,0) -> 1 | G76: =(D76-E76)/E76*100 -> 0 | H76: 397.085 | I76: 0.048 | J76: 9.966 | K76: 0.074 | L76: 1.177 | M76: 0 | N76: 8202 | O76: 680 | P76: 0 | Q76: 97 | R76: 193 | S76: 1
